,actor_type,actor_id,action_type,action_time,object_type,object_id,channel_type,channel_id,call_nbr,type_desc,detail_desc,business_desc,partition_time,theme
0,customer_id,2,inbound,3696974030,call_purpose,2_19_162,customer_service,personal_phone_service,KEZSKOKKZADUAAGWJNVQ,19,162,2,3696969600,cti
1,customer_id,27,inbound,3696974030,call_purpose,2_19_162,customer_service,personal_phone_service,KEZSKOKKZADUAAGWJNVQ,19,162,2,3696969600,cti
2,customer_id,5,inbound,3696978134,call_purpose,1_18_224,customer_service,personal_phone_service,FEVYBZKGBYDSESTGNELD,18,224,1,3696969600,cti
3,customer_id,30,inbound,3696978134,call_purpose,1_18_224,customer_service,personal_phone_service,FEVYBZKGBYDSESTGNELD,18,224,1,3696969600,cti
4,customer_id,5,inbound,3696987105,call_purpose,0_2_167,customer_service,personal_phone_service,MGKNBXMZZZQGUYWERCMF,2,167,0,3696969600,cti
5,customer_id,30,inbound,3696987105,call_purpose,0_2_167,customer_service,personal_phone_service,MGKNBXMZZZQGUYWERCMF,2,167,0,3696969600,cti
6,customer_id,12,inbound,3696991853,call_purpose,2_19_85,customer_service,personal_phone_service,AAEASDZRLIUWRNSVHMSK,19,85,2,3696969600,cti
7,customer_id,37,inbound,3696991853,call_purpose,2_19_85,customer_service,personal_phone_service,AAEASDZRLIUWRNSVHMSK,19,85,2,3696969600,cti
8,customer_id,15,inbound,3696993942,call_purpose,2_1_9,customer_service,personal_phone_service,RIWAJWRVBNCTWCNPZTHS,1,9,2,3696969600,cti
9,customer_id,40,inbound,3696993942,call_purpose,2_1_9,customer_service,personal_phone_service,RIWAJWRVBNCTWCNPZTHS,1,9,2,3696969600,cti
10,customer_id,6,inbound,3697005161,call_purpose,2_22_46,customer_service,personal_phone_service,QSGBOTIDJHWPTMQUHIKN,22,46,2,3696969600,cti
11,customer_id,31,inbound,3697005161,call_purpose,2_22_46,customer_service,personal_phone_service,QSGBOTIDJHWPTMQUHIKN,22,46,2,3696969600,cti
12,customer_id,18,inbound,3697009285,call_purpose,2_2_283,customer_service,personal_phone_service,HXGWXMJPJWZOXPEOIFVS,2,283,2,3696969600,cti
13,customer_id,43,inbound,3697009285,call_purpose,2_2_283,customer_service,personal_phone_service,HXGWXMJPJWZOXPEOIFVS,2,283,2,3696969600,cti
14,customer_id,6,inbound,3697021675,call_purpose,2_18_80,customer_service,personal_phone_service,AQGMYLJNGQPHKFMYSYPY,18,80,2,3696969600,cti
15,customer_id,31,inbound,3697021675,call_purpose,2_18_80,customer_service,personal_phone_service,AQGMYLJNGQPHKFMYSYPY,18,80,2,3696969600,cti
16,customer_id,4,inbound,3697023174,call_purpose,1_11_105,customer_service,personal_phone_service,TBZLRDKEWYWGZBIPOYHA,11,105,1,3696969600,cti
17,customer_id,29,inbound,3697023174,call_purpose,1_11_105,customer_service,personal_phone_service,TBZLRDKEWYWGZBIPOYHA,11,105,1,3696969600,cti
18,customer_id,16,inbound,3697028027,call_purpose,1_21_234,customer_service,personal_phone_service,TMUYLQMMONGHMGDHNVIW,21,234,1,3696969600,cti
19,customer_id,41,inbound,3697028027,call_purpose,1_21_234,customer_service,personal_phone_service,TMUYLQMMONGHMGDHNVIW,21,234,1,3696969600,cti
20,customer_id,17,inbound,3697033597,call_purpose,0_20_243,customer_service,personal_phone_service,NKEAWQBELBWMFNLCEMET,20,243,0,3696969600,cti
21,customer_id,42,inbound,3697033597,call_purpose,0_20_243,customer_service,personal_phone_service,NKEAWQBELBWMFNLCEMET,20,243,0,3696969600,cti
22,customer_id,8,inbound,3697034384,call_purpose,0_3_78,customer_service,personal_phone_service,OXLSCDITRMTASUMRCGRS,3,78,0,3696969600,cti
23,customer_id,33,inbound,3697034384,call_purpose,0_3_78,customer_service,personal_phone_service,OXLSCDITRMTASUMRCGRS,3,78,0,3696969600,cti
24,customer_id,22,inbound,3697044034,call_purpose,2_2_227,customer_service,personal_phone_service,HILNEETOENUDOZTSEXBM,2,227,2,3696969600,cti
25,customer_id,47,inbound,3697044034,call_purpose,2_2_227,customer_service,personal_phone_service,HILNEETOENUDOZTSEXBM,2,227,2,3696969600,cti
26,customer_id,9,inbound,3697045198,call_purpose,1_9_256,customer_service,personal_phone_service,DFSONLGTRSILLZDFOICM,9,256,1,3696969600,cti
27,customer_id,34,inbound,3697045198,call_purpose,1_9_256,customer_service,personal_phone_service,DFSONLGTRSILLZDFOICM,9,256,1,3696969600,cti
28,customer_id,16,inbound,3697067503,call_purpose,2_28_207,customer_service,personal_phone_service,RJOCDCVMYFGTFYVHIBMG,28,207,2,3696969600,cti
29,customer_id,41,inbound,3697067503,call_purpose,2_28_207,customer_service,personal_phone_service,RJOCDCVMYFGTFYVHIBMG,28,207,2,3696969600,cti
30,customer_id,25,inbound,3697068276,call_purpose,2_6_160,customer_service,personal_phone_service,OFJFJVAOKRXKPBTCQSRF,6,160,2,3696969600,cti
31,customer_id,50,inbound,3697068276,call_purpose,2_6_160,customer_service,personal_phone_service,OFJFJVAOKRXKPBTCQSRF,6,160,2,3696969600,cti
32,customer_id,23,inbound,3697071795,call_purpose,1_14_56,customer_service,personal_phone_service,MBNZYQKLLZIVCAMXSGVW,14,56,1,3696969600,cti
33,customer_id,48,inbound,3697071795,call_purpose,1_14_56,customer_service,personal_phone_service,MBNZYQKLLZIVCAMXSGVW,14,56,1,3696969600,cti
34,customer_id,17,inbound,3697078611,call_purpose,1_22_150,customer_service,personal_phone_service,DRBGDJYRXBIKHKQBMRDK,22,150,1,3696969600,cti
35,customer_id,42,inbound,3697078611,call_purpose,1_22_150,customer_service,personal_phone_service,DRBGDJYRXBIKHKQBMRDK,22,150,1,3696969600,cti
36,customer_id,4,inbound,3697085777,call_purpose,2_9_279,customer_service,personal_phone_service,REUBEXPIBHWXJZZTXYCM,9,279,2,3696969600,cti
37,customer_id,29,inbound,3697085777,call_purpose,2_9_279,customer_service,personal_phone_service,REUBEXPIBHWXJZZTXYCM,9,279,2,3696969600,cti
38,customer_id,6,inbound,3697103262,call_purpose,2_3_157,customer_service,personal_phone_service,MLTHIIVYJCUEEEZZRMGP,3,157,2,3696969600,cti
39,customer_id,31,inbound,3697103262,call_purpose,2_3_157,customer_service,personal_phone_service,MLTHIIVYJCUEEEZZRMGP,3,157,2,3696969600,cti
40,customer_id,10,inbound,3697116414,call_purpose,0_16_75,customer_service,personal_phone_service,IXJARBAIWDGCAEFNILSU,16,75,0,3696969600,cti
41,customer_id,35,inbound,3697116414,call_purpose,0_16_75,customer_service,personal_phone_service,IXJARBAIWDGCAEFNILSU,16,75,0,3696969600,cti
42,customer_id,21,inbound,3697127734,call_purpose,0_17_162,customer_service,personal_phone_service,WLNLUEJNXJOTEZIJFILC,17,162,0,3696969600,cti
43,customer_id,46,inbound,3697127734,call_purpose,0_17_162,customer_service,personal_phone_service,WLNLUEJNXJOTEZIJFILC,17,162,0,3696969600,cti
44,customer_id,13,inbound,3697129255,call_purpose,0_27_154,customer_service,personal_phone_service,NJGTLKWKMTWFRJCNYFFS,27,154,0,3696969600,cti
45,customer_id,38,inbound,3697129255,call_purpose,0_27_154,customer_service,personal_phone_service,NJGTLKWKMTWFRJCNYFFS,27,154,0,3696969600,cti
46,customer_id,21,inbound,3697132134,call_purpose,2_8_65,customer_service,personal_phone_service,KOFPWCDOFWMTEYTZDXGV,8,65,2,3696969600,cti
47,customer_id,46,inbound,3697132134,call_purpose,2_8_65,customer_service,personal_phone_service,KOFPWCDOFWMTEYTZDXGV,8,65,2,3696969600,cti
48,customer_id,21,inbound,3697142450,call_purpose,0_22_51,customer_service,personal_phone_service,OZFQCCENYDCQVVUBZENZ,22,51,0,3696969600,cti
49,customer_id,46,inbound,3697142450,call_purpose,0_22_51,customer_service,personal_phone_service,OZFQCCENYDCQVVUBZENZ,22,51,0,3696969600,cti
50,customer_id,8,inbound,3697158288,call_purpose,1_12_122,customer_service,personal_phone_service,KMKMNTQEICYFOOUBVJSU,12,122,1,3696969600,cti
51,customer_id,33,inbound,3697158288,call_purpose,1_12_122,customer_service,personal_phone_service,KMKMNTQEICYFOOUBVJSU,12,122,1,3696969600,cti
52,customer_id,22,inbound,3697166097,call_purpose,0_25_44,customer_service,personal_phone_service,UTNJTFAHLVAQSZVRWRJM,25,44,0,3696969600,cti
53,customer_id,47,inbound,3697166097,call_purpose,0_25_44,customer_service,personal_phone_service,UTNJTFAHLVAQSZVRWRJM,25,44,0,3696969600,cti
54,customer_id,18,inbound,3697166160,call_purpose,2_7_188,customer_service,personal_phone_service,ZJRNUKEOMNDHQHRCUEII,7,188,2,3696969600,cti
55,customer_id,43,inbound,3697166160,call_purpose,2_7_188,customer_service,personal_phone_service,ZJRNUKEOMNDHQHRCUEII,7,188,2,3696969600,cti
56,customer_id,10,inbound,3697167900,call_purpose,1_23_165,customer_service,personal_phone_service,MDKIBEDIZRENJGBPOPOH,23,165,1,3696969600,cti
57,customer_id,35,inbound,3697167900,call_purpose,1_23_165,customer_service,personal_phone_service,MDKIBEDIZRENJGBPOPOH,23,165,1,3696969600,cti
58,customer_id,11,inbound,3697175937,call_purpose,1_13_80,customer_service,personal_phone_service,GXZTNTISCYNMVFUOQUUF,13,80,1,3696969600,cti
59,customer_id,36,inbound,3697175937,call_purpose,1_13_80,customer_service,personal_phone_service,GXZTNTISCYNMVFUOQUUF,13,80,1,3696969600,cti
60,customer_id,17,inbound,3697178877,call_purpose,1_13_220,customer_service,personal_phone_service,BYGZGKVNDSMYFXCTONDC,13,220,1,3696969600,cti
61,customer_id,42,inbound,3697178877,call_purpose,1_13_220,customer_service,personal_phone_service,BYGZGKVNDSMYFXCTONDC,13,220,1,3696969600,cti
62,customer_id,23,inbound,3697186790,call_purpose,2_28_248,customer_service,personal_phone_service,DXKVKTJSXIYAGVAAPHHX,28,248,2,3696969600,cti
63,customer_id,48,inbound,3697186790,call_purpose,2_28_248,customer_service,personal_phone_service,DXKVKTJSXIYAGVAAPHHX,28,248,2,3696969600,cti
64,customer_id,12,inbound,3697190701,call_purpose,0_15_246,customer_service,personal_phone_service,MQCWRLLGTVCVYQPYKNAP,15,246,0,3696969600,cti
65,customer_id,37,inbound,3697190701,call_purpose,0_15_246,customer_service,personal_phone_service,MQCWRLLGTVCVYQPYKNAP,15,246,0,3696969600,cti
66,customer_id,5,inbound,3697191767,call_purpose,0_0_29,customer_service,personal_phone_service,RVHRHZHUNGEFRPUKIGLT,0,29,0,3696969600,cti
67,customer_id,30,inbound,3697191767,call_purpose,0_0_29,customer_service,personal_phone_service,RVHRHZHUNGEFRPUKIGLT,0,29,0,3696969600,cti
68,customer_id,24,inbound,3697207957,call_purpose,2_13_233,customer_service,personal_phone_service,XYOFGJOEOZBAMQXKTCVM,13,233,2,3696969600,cti
69,customer_id,49,inbound,3697207957,call_purpose,2_13_233,customer_service,personal_phone_service,XYOFGJOEOZBAMQXKTCVM,13,233,2,3696969600,cti
70,customer_id,5,inbound,3697216861,call_purpose,1_17_53,customer_service,personal_phone_service,WTLSXFPBOOQBGEKCNQUJ,17,53,1,3696969600,cti
71,customer_id,30,inbound,3697216861,call_purpose,1_17_53,customer_service,personal_phone_service,WTLSXFPBOOQBGEKCNQUJ,17,53,1,3696969600,cti
72,customer_id,14,inbound,3697219060,call_purpose,0_15_194,customer_service,personal_phone_service,UPAQJJQWMLMBYAVZZXCB,15,194,0,3696969600,cti
73,customer_id,39,inbound,3697219060,call_purpose,0_15_194,customer_service,personal_phone_service,UPAQJJQWMLMBYAVZZXCB,15,194,0,3696969600,cti
74,customer_id,23,inbound,3697245314,call_purpose,2_28_80,customer_service,personal_phone_service,PBBRXLKBDEKUHZEIXTTH,28,80,2,3696969600,cti
75,customer_id,48,inbound,3697245314,call_purpose,2_28_80,customer_service,personal_phone_service,PBBRXLKBDEKUHZEIXTTH,28,80,2,3696969600,cti
76,customer_id,1,inbound,3697251672,call_purpose,2_8_202,customer_service,personal_phone_service,HIBWVYBHSIYZFGUDDSAC,8,202,2,3696969600,cti
77,customer_id,26,inbound,3697251672,call_purpose,2_8_202,customer_service,personal_phone_service,HIBWVYBHSIYZFGUDDSAC,8,202,2,3696969600,cti
78,customer_id,19,inbound,3697253157,call_purpose,1_3_105,customer_service,personal_phone_service,HPVHKACFEGFLCFPUBXQP,3,105,1,3696969600,cti
79,customer_id,44,inbound,3697253157,call_purpose,1_3_105,customer_service,personal_phone_service,HPVHKACFEGFLCFPUBXQP,3,105,1,3696969600,cti
80,customer_id,6,inbound,3697255927,call_purpose,2_13_25,customer_service,personal_phone_service,XLZZSRJSHOREZWEUXVPU,13,25,2,3696969600,cti
81,customer_id,31,inbound,3697255927,call_purpose,2_13_25,customer_service,personal_phone_service,XLZZSRJSHOREZWEUXVPU,13,25,2,3696969600,cti
82,customer_id,2,inbound,3697275008,call_purpose,1_18_15,customer_service,personal_phone_service,FVQSBDRHXBQCBRYBMKOU,18,15,1,3696969600,cti
83,customer_id,27,inbound,3697275008,call_purpose,1_18_15,customer_service,personal_phone_service,FVQSBDRHXBQCBRYBMKOU,18,15,1,3696969600,cti
84,customer_id,14,inbound,3697279128,call_purpose,2_15_155,customer_service,personal_phone_service,MNCEPCBQVATIPKVWYCCM,15,155,2,3696969600,cti
85,customer_id,39,inbound,3697279128,call_purpose,2_15_155,customer_service,personal_phone_service,MNCEPCBQVATIPKVWYCCM,15,155,2,3696969600,cti
86,customer_id,3,inbound,3697280123,call_purpose,2_21_253,customer_service,personal_phone_service,YBFWIMSCOXPEYPLIDHYX,21,253,2,3696969600,cti
87,customer_id,28,inbound,3697280123,call_purpose,2_21_253,customer_service,personal_phone_service,YBFWIMSCOXPEYPLIDHYX,21,253,2,3696969600,cti
88,customer_id,10,inbound,3697300013,call_purpose,1_8_248,customer_service,personal_phone_service,BZABYVGBWRQIFLNTDWHE,8,248,1,3696969600,cti
89,customer_id,35,inbound,3697300013,call_purpose,1_8_248,customer_service,personal_phone_service,BZABYVGBWRQIFLNTDWHE,8,248,1,3696969600,cti
90,customer_id,4,inbound,3697305299,call_purpose,2_9_222,customer_service,personal_phone_service,SELCBCDXFQWBNYHXQTWR,9,222,2,3696969600,cti
91,customer_id,29,inbound,3697305299,call_purpose,2_9_222,customer_service,personal_phone_service,SELCBCDXFQWBNYHXQTWR,9,222,2,3696969600,cti
92,customer_id,16,inbound,3697313420,call_purpose,2_25_57,customer_service,personal_phone_service,UIQICYPJFVHXSKXMWTOM,25,57,2,3696969600,cti
93,customer_id,41,inbound,3697313420,call_purpose,2_25_57,customer_service,personal_phone_service,UIQICYPJFVHXSKXMWTOM,25,57,2,3696969600,cti
94,customer_id,9,inbound,3697324832,call_purpose,1_4_48,customer_service,personal_phone_service,RPENZJZIWXDYKQGTXBUV,4,48,1,3696969600,cti
95,customer_id,34,inbound,3697324832,call_purpose,1_4_48,customer_service,personal_phone_service,RPENZJZIWXDYKQGTXBUV,4,48,1,3696969600,cti
96,customer_id,15,inbound,3697328831,call_purpose,1_28_68,customer_service,personal_phone_service,YQGXTIGACAYYCRVKYAZW,28,68,1,3696969600,cti
97,customer_id,40,inbound,3697328831,call_purpose,1_28_68,customer_service,personal_phone_service,YQGXTIGACAYYCRVKYAZW,28,68,1,3696969600,cti
98,customer_id,16,inbound,3697329510,call_purpose,0_0_169,customer_service,personal_phone_service,RRYDHAKMXYVFKZFLTMEU,0,169,0,3696969600,cti
99,customer_id,41,inbound,3697329510,call_purpose,0_0_169,customer_service,personal_phone_service,RRYDHAKMXYVFKZFLTMEU,0,169,0,3696969600,cti
100,customer_id,18,inbound,3697335070,call_purpose,2_17_260,customer_service,personal_phone_service,SLITDFASOAXLZHAFLKDO,17,260,2,3696969600,cti
101,customer_id,43,inbound,3697335070,call_purpose,2_17_260,customer_service,personal_phone_service,SLITDFASOAXLZHAFLKDO,17,260,2,3696969600,cti
102,customer_id,18,inbound,3697335759,call_purpose,0_11_82,customer_service,personal_phone_service,AVREYITRFUODRDEURFCY,11,82,0,3696969600,cti
103,customer_id,43,inbound,3697335759,call_purpose,0_11_82,customer_service,personal_phone_service,AVREYITRFUODRDEURFCY,11,82,0,3696969600,cti
104,customer_id,12,inbound,3697344833,call_purpose,0_17_71,customer_service,personal_phone_service,YAMDEPTHUJHYJZCEIFUT,17,71,0,3696969600,cti
105,customer_id,37,inbound,3697344833,call_purpose,0_17_71,customer_service,personal_phone_service,YAMDEPTHUJHYJZCEIFUT,17,71,0,3696969600,cti
106,customer_id,18,inbound,3697352564,call_purpose,2_9_155,customer_service,personal_phone_service,HSBHRXFLYAUOWWUHMPWI,9,155,2,3696969600,cti
107,customer_id,43,inbound,3697352564,call_purpose,2_9_155,customer_service,personal_phone_service,HSBHRXFLYAUOWWUHMPWI,9,155,2,3696969600,cti
108,customer_id,22,inbound,3697354212,call_purpose,0_16_57,customer_service,personal_phone_service,KVRNYQDOAYKQPTTQNWFF,16,57,0,3696969600,cti
109,customer_id,47,inbound,3697354212,call_purpose,0_16_57,customer_service,personal_phone_service,KVRNYQDOAYKQPTTQNWFF,16,57,0,3696969600,cti
110,customer_id,13,inbound,3697357747,call_purpose,0_28_125,customer_service,personal_phone_service,VROLIFHVJOKMKXLVKBRN,28,125,0,3696969600,cti
111,customer_id,38,inbound,3697357747,call_purpose,0_28_125,customer_service,personal_phone_service,VROLIFHVJOKMKXLVKBRN,28,125,0,3696969600,cti
112,customer_id,23,inbound,3697358879,call_purpose,2_10_285,customer_service,personal_phone_service,BRMWFLYCREHIOABJVPIU,10,285,2,3696969600,cti
113,customer_id,48,inbound,3697358879,call_purpose,2_10_285,customer_service,personal_phone_service,BRMWFLYCREHIOABJVPIU,10,285,2,3696969600,cti
114,customer_id,12,inbound,3697362605,call_purpose,2_20_172,customer_service,personal_phone_service,VEBRGETUONBJRNOLYRXC,20,172,2,3696969600,cti
115,customer_id,37,inbound,3697362605,call_purpose,2_20_172,customer_service,personal_phone_service,VEBRGETUONBJRNOLYRXC,20,172,2,3696969600,cti
116,customer_id,19,inbound,3697371960,call_purpose,0_16_153,customer_service,personal_phone_service,DEEYYETBWNVNWVVWIBHU,16,153,0,3696969600,cti
117,customer_id,44,inbound,3697371960,call_purpose,0_16_153,customer_service,personal_phone_service,DEEYYETBWNVNWVVWIBHU,16,153,0,3696969600,cti
118,customer_id,16,inbound,3697384861,call_purpose,2_2_150,customer_service,personal_phone_service,BLDQNNKPNQNBWPJKCCEO,2,150,2,3696969600,cti
119,customer_id,41,inbound,3697384861,call_purpose,2_2_150,customer_service,personal_phone_service,BLDQNNKPNQNBWPJKCCEO,2,150,2,3696969600,cti
120,customer_id,2,inbound,3697405910,call_purpose,0_17_235,customer_service,personal_phone_service,TTIHYHIUMDHHOEKZYVRU,17,235,0,3696969600,cti
121,customer_id,27,inbound,3697405910,call_purpose,0_17_235,customer_service,personal_phone_service,TTIHYHIUMDHHOEKZYVRU,17,235,0,3696969600,cti
122,customer_id,23,inbound,3697418654,call_purpose,1_0_247,customer_service,personal_phone_service,XWUWCUZMBTSSCRTEIUXT,0,247,1,3696969600,cti
123,customer_id,48,inbound,3697418654,call_purpose,1_0_247,customer_service,personal_phone_service,XWUWCUZMBTSSCRTEIUXT,0,247,1,3696969600,cti
124,customer_id,23,inbound,3697433465,call_purpose,2_22_150,customer_service,personal_phone_service,PIGEFLKBUTYAXZFLGZVT,22,150,2,3696969600,cti
125,customer_id,48,inbound,3697433465,call_purpose,2_22_150,customer_service,personal_phone_service,PIGEFLKBUTYAXZFLGZVT,22,150,2,3696969600,cti
126,customer_id,11,inbound,3697444016,call_purpose,2_2_64,customer_service,personal_phone_service,AXHRTUGKVNCCLSQADPTT,2,64,2,3696969600,cti
127,customer_id,36,inbound,3697444016,call_purpose,2_2_64,customer_service,personal_phone_service,AXHRTUGKVNCCLSQADPTT,2,64,2,3696969600,cti
128,customer_id,22,inbound,3697462695,call_purpose,2_27_80,customer_service,personal_phone_service,IBALGBCRPQLMCYQYOZIG,27,80,2,3696969600,cti
129,customer_id,47,inbound,3697462695,call_purpose,2_27_80,customer_service,personal_phone_service,IBALGBCRPQLMCYQYOZIG,27,80,2,3696969600,cti
130,customer_id,4,inbound,3697463267,call_purpose,1_26_152,customer_service,personal_phone_service,YBEZXPQYYTMNBEQMAXCV,26,152,1,3696969600,cti
131,customer_id,29,inbound,3697463267,call_purpose,1_26_152,customer_service,personal_phone_service,YBEZXPQYYTMNBEQMAXCV,26,152,1,3696969600,cti
132,customer_id,14,inbound,3697465020,call_purpose,2_13_230,customer_service,personal_phone_service,LHNOSBQHOYNDYDDQYFXJ,13,230,2,3696969600,cti
133,customer_id,39,inbound,3697465020,call_purpose,2_13_230,customer_service,personal_phone_service,LHNOSBQHOYNDYDDQYFXJ,13,230,2,3696969600,cti
134,customer_id,21,inbound,3697475408,call_purpose,1_22_215,customer_service,personal_phone_service,DCSXSFGEEUGWXCVBDNUK,22,215,1,3696969600,cti
135,customer_id,46,inbound,3697475408,call_purpose,1_22_215,customer_service,personal_phone_service,DCSXSFGEEUGWXCVBDNUK,22,215,1,3696969600,cti
136,customer_id,8,inbound,3697494384,call_purpose,2_25_56,customer_service,personal_phone_service,SEEWXPNYWXWDDOPTNLRC,25,56,2,3696969600,cti
137,customer_id,33,inbound,3697494384,call_purpose,2_25_56,customer_service,personal_phone_service,SEEWXPNYWXWDDOPTNLRC,25,56,2,3696969600,cti
138,customer_id,25,inbound,3697499801,call_purpose,0_15_108,customer_service,personal_phone_service,YBFXUGZICGFKXNBSRLZZ,15,108,0,3696969600,cti
139,customer_id,50,inbound,3697499801,call_purpose,0_15_108,customer_service,personal_phone_service,YBFXUGZICGFKXNBSRLZZ,15,108,0,3696969600,cti
140,customer_id,11,inbound,3697515629,call_purpose,2_12_235,customer_service,personal_phone_service,IONQRVMIQWPPDHINKOOU,12,235,2,3696969600,cti
141,customer_id,36,inbound,3697515629,call_purpose,2_12_235,customer_service,personal_phone_service,IONQRVMIQWPPDHINKOOU,12,235,2,3696969600,cti
142,customer_id,16,inbound,3697521883,call_purpose,2_0_285,customer_service,personal_phone_service,FUBNPUXKYGEETHKHRDUH,0,285,2,3696969600,cti
143,customer_id,41,inbound,3697521883,call_purpose,2_0_285,customer_service,personal_phone_service,FUBNPUXKYGEETHKHRDUH,0,285,2,3696969600,cti
144,customer_id,15,inbound,3697526303,call_purpose,1_28_254,customer_service,personal_phone_service,ZEPWKDZUNQOMEGNSMZTT,28,254,1,3696969600,cti
145,customer_id,40,inbound,3697526303,call_purpose,1_28_254,customer_service,personal_phone_service,ZEPWKDZUNQOMEGNSMZTT,28,254,1,3696969600,cti
146,customer_id,7,inbound,3697529863,call_purpose,1_18_63,customer_service,personal_phone_service,VJKIDXWYDKXGNVFABRXC,18,63,1,3696969600,cti
147,customer_id,32,inbound,3697529863,call_purpose,1_18_63,customer_service,personal_phone_service,VJKIDXWYDKXGNVFABRXC,18,63,1,3696969600,cti
148,customer_id,12,inbound,3697535408,call_purpose,0_27_83,customer_service,personal_phone_service,XUUMFZLNRKVIYOMURNJJ,27,83,0,3696969600,cti
149,customer_id,37,inbound,3697535408,call_purpose,0_27_83,customer_service,personal_phone_service,XUUMFZLNRKVIYOMURNJJ,27,83,0,3696969600,cti
150,customer_id,19,inbound,3697539712,call_purpose,2_2_269,customer_service,personal_phone_service,BFLGDPWNCKTOPIORRKPB,2,269,2,3696969600,cti
151,customer_id,44,inbound,3697539712,call_purpose,2_2_269,customer_service,personal_phone_service,BFLGDPWNCKTOPIORRKPB,2,269,2,3696969600,cti
152,customer_id,16,inbound,3697557950,call_purpose,1_23_257,customer_service,personal_phone_service,PWPSGXWMVDVXAZBWXVPW,23,257,1,3696969600,cti
153,customer_id,41,inbound,3697557950,call_purpose,1_23_257,customer_service,personal_phone_service,PWPSGXWMVDVXAZBWXVPW,23,257,1,3696969600,cti
154,customer_id,22,inbound,3697565669,call_purpose,1_1_107,customer_service,personal_phone_service,FDBIVPNRZIVGQXFRVHIU,1,107,1,3696969600,cti
155,customer_id,47,inbound,3697565669,call_purpose,1_1_107,customer_service,personal_phone_service,FDBIVPNRZIVGQXFRVHIU,1,107,1,3696969600,cti
156,customer_id,13,inbound,3697566600,call_purpose,1_18_258,customer_service,personal_phone_service,VHDCIULWPPNTKNMRVJSY,18,258,1,3696969600,cti
157,customer_id,38,inbound,3697566600,call_purpose,1_18_258,customer_service,personal_phone_service,VHDCIULWPPNTKNMRVJSY,18,258,1,3696969600,cti
158,customer_id,11,inbound,3697566962,call_purpose,2_12_82,customer_service,personal_phone_service,VPHNTZSVVTNCWKOXQMRB,12,82,2,3696969600,cti
159,customer_id,36,inbound,3697566962,call_purpose,2_12_82,customer_service,personal_phone_service,VPHNTZSVVTNCWKOXQMRB,12,82,2,3696969600,cti
160,customer_id,15,inbound,3697587709,call_purpose,0_17_22,customer_service,personal_phone_service,MSWDRSSHMZGIXPMLMQDQ,17,22,0,3696969600,cti
161,customer_id,40,inbound,3697587709,call_purpose,0_17_22,customer_service,personal_phone_service,MSWDRSSHMZGIXPMLMQDQ,17,22,0,3696969600,cti
162,customer_id,18,inbound,3697597369,call_purpose,1_27_166,customer_service,personal_phone_service,KXMTWVCZZQRJFZYDVUYC,27,166,1,3696969600,cti
163,customer_id,43,inbound,3697597369,call_purpose,1_27_166,customer_service,personal_phone_service,KXMTWVCZZQRJFZYDVUYC,27,166,1,3696969600,cti
164,customer_id,21,inbound,3697611669,call_purpose,2_25_67,customer_service,personal_phone_service,MYJJUSKQQSFUKWQPYJSI,25,67,2,3696969600,cti
165,customer_id,46,inbound,3697611669,call_purpose,2_25_67,customer_service,personal_phone_service,MYJJUSKQQSFUKWQPYJSI,25,67,2,3696969600,cti
166,customer_id,23,inbound,3697616645,call_purpose,0_23_268,customer_service,personal_phone_service,AGXWADOBWRDNRFBGUXLL,23,268,0,3696969600,cti
167,customer_id,48,inbound,3697616645,call_purpose,0_23_268,customer_service,personal_phone_service,AGXWADOBWRDNRFBGUXLL,23,268,0,3696969600,cti
168,customer_id,5,inbound,3697620803,call_purpose,2_0_128,customer_service,personal_phone_service,BCAHWQIAQJSSMRGYOWDK,0,128,2,3696969600,cti
169,customer_id,30,inbound,3697620803,call_purpose,2_0_128,customer_service,personal_phone_service,BCAHWQIAQJSSMRGYOWDK,0,128,2,3696969600,cti
170,customer_id,17,inbound,3697632880,call_purpose,1_0_163,customer_service,personal_phone_service,ZPVGCPRLYZAYUGBGXZAV,0,163,1,3696969600,cti
171,customer_id,42,inbound,3697632880,call_purpose,1_0_163,customer_service,personal_phone_service,ZPVGCPRLYZAYUGBGXZAV,0,163,1,3696969600,cti
172,customer_id,18,inbound,3697655530,call_purpose,2_1_104,customer_service,personal_phone_service,UHQVXRCILMWNGQZZJXFX,1,104,2,3696969600,cti
173,customer_id,43,inbound,3697655530,call_purpose,2_1_104,customer_service,personal_phone_service,UHQVXRCILMWNGQZZJXFX,1,104,2,3696969600,cti
174,customer_id,20,inbound,3697656261,call_purpose,1_27_10,customer_service,personal_phone_service,EESBHHIKUXLXJYRHBWWW,27,10,1,3696969600,cti
175,customer_id,45,inbound,3697656261,call_purpose,1_27_10,customer_service,personal_phone_service,EESBHHIKUXLXJYRHBWWW,27,10,1,3696969600,cti
176,customer_id,6,inbound,3697674988,call_purpose,1_0_59,customer_service,personal_phone_service,JSQJRSEKEYBWEJKDBVKW,0,59,1,3696969600,cti
177,customer_id,31,inbound,3697674988,call_purpose,1_0_59,customer_service,personal_phone_service,JSQJRSEKEYBWEJKDBVKW,0,59,1,3696969600,cti
178,customer_id,4,inbound,3697677043,call_purpose,1_8_251,customer_service,personal_phone_service,MALCZJBFQVGJNJHFVILI,8,251,1,3696969600,cti
179,customer_id,29,inbound,3697677043,call_purpose,1_8_251,customer_service,personal_phone_service,MALCZJBFQVGJNJHFVILI,8,251,1,3696969600,cti
180,customer_id,19,inbound,3697682613,call_purpose,0_15_154,customer_service,personal_phone_service,VJGEBCNESWKGXFSGHQPL,15,154,0,3696969600,cti
181,customer_id,44,inbound,3697682613,call_purpose,0_15_154,customer_service,personal_phone_service,VJGEBCNESWKGXFSGHQPL,15,154,0,3696969600,cti
182,customer_id,14,inbound,3697707931,call_purpose,2_3_283,customer_service,personal_phone_service,YAMPVLOVFJSHHCTTOLPR,3,283,2,3696969600,cti
183,customer_id,39,inbound,3697707931,call_purpose,2_3_283,customer_service,personal_phone_service,YAMPVLOVFJSHHCTTOLPR,3,283,2,3696969600,cti
184,customer_id,16,inbound,3697727738,call_purpose,2_18_7,customer_service,personal_phone_service,ABZQLWSCQFBKKENDKCSM,18,7,2,3696969600,cti
185,customer_id,41,inbound,3697727738,call_purpose,2_18_7,customer_service,personal_phone_service,ABZQLWSCQFBKKENDKCSM,18,7,2,3696969600,cti
186,customer_id,6,inbound,3697734073,call_purpose,2_6_132,customer_service,personal_phone_service,LWQJGNEDGQBVTJAKFBXO,6,132,2,3696969600,cti
187,customer_id,31,inbound,3697734073,call_purpose,2_6_132,customer_service,personal_phone_service,LWQJGNEDGQBVTJAKFBXO,6,132,2,3696969600,cti
188,customer_id,10,inbound,3697734533,call_purpose,0_29_250,customer_service,personal_phone_service,YFTLYSJVYGBMUTTMWCJA,29,250,0,3696969600,cti
189,customer_id,35,inbound,3697734533,call_purpose,0_29_250,customer_service,personal_phone_service,YFTLYSJVYGBMUTTMWCJA,29,250,0,3696969600,cti
190,customer_id,18,inbound,3697761130,call_purpose,0_20_100,customer_service,personal_phone_service,WFPCXHXCQLSSCHLFIKBC,20,100,0,3696969600,cti
191,customer_id,43,inbound,3697761130,call_purpose,0_20_100,customer_service,personal_phone_service,WFPCXHXCQLSSCHLFIKBC,20,100,0,3696969600,cti
192,customer_id,17,inbound,3697781680,call_purpose,0_5_260,customer_service,personal_phone_service,AESTKRLMQSNABUCFXJVK,5,260,0,3696969600,cti
193,customer_id,42,inbound,3697781680,call_purpose,0_5_260,customer_service,personal_phone_service,AESTKRLMQSNABUCFXJVK,5,260,0,3696969600,cti
194,customer_id,22,inbound,3697787456,call_purpose,0_17_94,customer_service,personal_phone_service,JBWIDUFKTEIJNVFVONTY,17,94,0,3696969600,cti
195,customer_id,47,inbound,3697787456,call_purpose,0_17_94,customer_service,personal_phone_service,JBWIDUFKTEIJNVFVONTY,17,94,0,3696969600,cti
196,customer_id,22,inbound,3697797725,call_purpose,2_26_229,customer_service,personal_phone_service,VVXITOWRMGCKYRFUTJLH,26,229,2,3696969600,cti
197,customer_id,47,inbound,3697797725,call_purpose,2_26_229,customer_service,personal_phone_service,VVXITOWRMGCKYRFUTJLH,26,229,2,3696969600,cti
198,customer_id,9,inbound,3697805549,call_purpose,1_4_74,customer_service,personal_phone_service,AYCYPQVFYDAOGQNDTAQJ,4,74,1,3696969600,cti
199,customer_id,34,inbound,3697805549,call_purpose,1_4_74,customer_service,personal_phone_service,AYCYPQVFYDAOGQNDTAQJ,4,74,1,3696969600,cti
200,customer_id,6,inbound,3697811808,call_purpose,2_26_114,customer_service,personal_phone_service,QCIXVAHKFOHMGCTPUBQY,26,114,2,3696969600,cti
201,customer_id,31,inbound,3697811808,call_purpose,2_26_114,customer_service,personal_phone_service,QCIXVAHKFOHMGCTPUBQY,26,114,2,3696969600,cti
202,customer_id,16,inbound,3697821975,call_purpose,2_26_233,customer_service,personal_phone_service,PIBQHBRFNNBYQREFSABI,26,233,2,3696969600,cti
203,customer_id,41,inbound,3697821975,call_purpose,2_26_233,customer_service,personal_phone_service,PIBQHBRFNNBYQREFSABI,26,233,2,3696969600,cti
204,customer_id,2,inbound,3697830910,call_purpose,2_29_150,customer_service,personal_phone_service,VAFCARWUTMFOCJZSZLVQ,29,150,2,3696969600,cti
205,customer_id,27,inbound,3697830910,call_purpose,2_29_150,customer_service,personal_phone_service,VAFCARWUTMFOCJZSZLVQ,29,150,2,3696969600,cti
206,customer_id,16,inbound,3697837802,call_purpose,2_0_271,customer_service,personal_phone_service,KNQCHBDCZPXEYJFHSWLJ,0,271,2,3696969600,cti
207,customer_id,41,inbound,3697837802,call_purpose,2_0_271,customer_service,personal_phone_service,KNQCHBDCZPXEYJFHSWLJ,0,271,2,3696969600,cti
208,customer_id,25,inbound,3697839134,call_purpose,1_6_257,customer_service,personal_phone_service,RUQVXBEZBSOFVTJICUZC,6,257,1,3696969600,cti
209,customer_id,50,inbound,3697839134,call_purpose,1_6_257,customer_service,personal_phone_service,RUQVXBEZBSOFVTJICUZC,6,257,1,3696969600,cti
210,customer_id,5,inbound,3697847662,call_purpose,2_20_57,customer_service,personal_phone_service,XFANRXHLGQMJCHLAPTZC,20,57,2,3696969600,cti
211,customer_id,30,inbound,3697847662,call_purpose,2_20_57,customer_service,personal_phone_service,XFANRXHLGQMJCHLAPTZC,20,57,2,3696969600,cti
212,customer_id,6,inbound,3697848207,call_purpose,1_8_193,customer_service,personal_phone_service,JKDHLVBAQVPSSSQDHPBI,8,193,1,3696969600,cti
213,customer_id,31,inbound,3697848207,call_purpose,1_8_193,customer_service,personal_phone_service,JKDHLVBAQVPSSSQDHPBI,8,193,1,3696969600,cti
214,customer_id,18,inbound,3697856466,call_purpose,1_22_227,customer_service,personal_phone_service,QLVYDFDWTURQTHWEKLEX,22,227,1,3696969600,cti
215,customer_id,43,inbound,3697856466,call_purpose,1_22_227,customer_service,personal_phone_service,QLVYDFDWTURQTHWEKLEX,22,227,1,3696969600,cti
216,customer_id,19,inbound,3697857113,call_purpose,1_21_189,customer_service,personal_phone_service,BZQGMRWXBQZAQSMCGBGO,21,189,1,3696969600,cti
217,customer_id,44,inbound,3697857113,call_purpose,1_21_189,customer_service,personal_phone_service,BZQGMRWXBQZAQSMCGBGO,21,189,1,3696969600,cti
218,customer_id,12,inbound,3697862862,call_purpose,2_12_34,customer_service,personal_phone_service,YWVOXJUWVUOKOFWAYXSS,12,34,2,3696969600,cti
219,customer_id,37,inbound,3697862862,call_purpose,2_12_34,customer_service,personal_phone_service,YWVOXJUWVUOKOFWAYXSS,12,34,2,3696969600,cti
220,customer_id,22,inbound,3697868736,call_purpose,2_17_196,customer_service,personal_phone_service,ENCVCSHUZHRSREGDHCQD,17,196,2,3696969600,cti
221,customer_id,47,inbound,3697868736,call_purpose,2_17_196,customer_service,personal_phone_service,ENCVCSHUZHRSREGDHCQD,17,196,2,3696969600,cti
222,customer_id,5,inbound,3697890812,call_purpose,1_13_0,customer_service,personal_phone_service,WIGVCXZGYLLHRPFYJIAS,13,0,1,3696969600,cti
223,customer_id,30,inbound,3697890812,call_purpose,1_13_0,customer_service,personal_phone_service,WIGVCXZGYLLHRPFYJIAS,13,0,1,3696969600,cti
224,customer_id,6,inbound,3697896445,call_purpose,2_3_255,customer_service,personal_phone_service,RXTPLLWNYEXOYCMYRDNC,3,255,2,3696969600,cti
225,customer_id,31,inbound,3697896445,call_purpose,2_3_255,customer_service,personal_phone_service,RXTPLLWNYEXOYCMYRDNC,3,255,2,3696969600,cti
226,customer_id,10,inbound,3697903622,call_purpose,2_25_239,customer_service,personal_phone_service,ZDVJOSSTVUTZLJLPLQYO,25,239,2,3696969600,cti
227,customer_id,35,inbound,3697903622,call_purpose,2_25_239,customer_service,personal_phone_service,ZDVJOSSTVUTZLJLPLQYO,25,239,2,3696969600,cti
228,customer_id,16,inbound,3697909455,call_purpose,1_19_47,customer_service,personal_phone_service,RNTJEOTTPCVGLWCTHDVO,19,47,1,3696969600,cti
229,customer_id,41,inbound,3697909455,call_purpose,1_19_47,customer_service,personal_phone_service,RNTJEOTTPCVGLWCTHDVO,19,47,1,3696969600,cti
230,customer_id,11,inbound,3697909625,call_purpose,1_25_284,customer_service,personal_phone_service,URGBEROCFPSPDWJMUWJF,25,284,1,3696969600,cti
231,customer_id,36,inbound,3697909625,call_purpose,1_25_284,customer_service,personal_phone_service,URGBEROCFPSPDWJMUWJF,25,284,1,3696969600,cti
232,customer_id,17,inbound,3697934663,call_purpose,2_12_14,customer_service,personal_phone_service,TJTTRJKQZNZRQHMAOPFB,12,14,2,3696969600,cti
233,customer_id,42,inbound,3697934663,call_purpose,2_12_14,customer_service,personal_phone_service,TJTTRJKQZNZRQHMAOPFB,12,14,2,3696969600,cti
234,customer_id,18,inbound,3697946311,call_purpose,0_8_97,customer_service,personal_phone_service,INCQQVFOHQSREVGJJJVP,8,97,0,3696969600,cti
235,customer_id,43,inbound,3697946311,call_purpose,0_8_97,customer_service,personal_phone_service,INCQQVFOHQSREVGJJJVP,8,97,0,3696969600,cti
236,customer_id,12,inbound,3697947096,call_purpose,1_2_133,customer_service,personal_phone_service,RMBMUYLJMPTTOZEKOQPG,2,133,1,3696969600,cti
237,customer_id,37,inbound,3697947096,call_purpose,1_2_133,customer_service,personal_phone_service,RMBMUYLJMPTTOZEKOQPG,2,133,1,3696969600,cti
238,customer_id,4,inbound,3697948844,call_purpose,0_13_236,customer_service,personal_phone_service,SEMOZOYZJHXAANRDYULP,13,236,0,3696969600,cti
239,customer_id,29,inbound,3697948844,call_purpose,0_13_236,customer_service,personal_phone_service,SEMOZOYZJHXAANRDYULP,13,236,0,3696969600,cti
240,customer_id,14,inbound,3697948925,call_purpose,1_21_271,customer_service,personal_phone_service,NWXSGDTHAUFKZIEOQTAK,21,271,1,3696969600,cti
241,customer_id,39,inbound,3697948925,call_purpose,1_21_271,customer_service,personal_phone_service,NWXSGDTHAUFKZIEOQTAK,21,271,1,3696969600,cti
242,customer_id,12,inbound,3697958016,call_purpose,0_9_73,customer_service,personal_phone_service,USUBAWAGTFVWTVLTIWSP,9,73,0,3696969600,cti
243,customer_id,37,inbound,3697958016,call_purpose,0_9_73,customer_service,personal_phone_service,USUBAWAGTFVWTVLTIWSP,9,73,0,3696969600,cti
244,customer_id,16,inbound,3697968804,call_purpose,2_17_18,customer_service,personal_phone_service,PMVZHCITDOZZVVSCLVVN,17,18,2,3696969600,cti
245,customer_id,41,inbound,3697968804,call_purpose,2_17_18,customer_service,personal_phone_service,PMVZHCITDOZZVVSCLVVN,17,18,2,3696969600,cti
246,customer_id,18,inbound,3697980376,call_purpose,0_12_28,customer_service,personal_phone_service,JGSNOHIHGYHNJYWVCKKY,12,28,0,3696969600,cti
247,customer_id,43,inbound,3697980376,call_purpose,0_12_28,customer_service,personal_phone_service,JGSNOHIHGYHNJYWVCKKY,12,28,0,3696969600,cti
248,customer_id,25,inbound,3697985742,call_purpose,2_23_126,customer_service,personal_phone_service,KZIKUBEFVCDRLGDDXXZP,23,126,2,3696969600,cti
249,customer_id,50,inbound,3697985742,call_purpose,2_23_126,customer_service,personal_phone_service,KZIKUBEFVCDRLGDDXXZP,23,126,2,3696969600,cti
250,customer_id,17,inbound,3697994397,call_purpose,2_12_135,customer_service,personal_phone_service,WICZRDTXGKCGHNOFWIMC,12,135,2,3696969600,cti
251,customer_id,42,inbound,3697994397,call_purpose,2_12_135,customer_service,personal_phone_service,WICZRDTXGKCGHNOFWIMC,12,135,2,3696969600,cti
252,customer_id,16,inbound,3697994776,call_purpose,1_20_28,customer_service,personal_phone_service,SEOTQHFCMWVORZGBZTNQ,20,28,1,3696969600,cti
253,customer_id,41,inbound,3697994776,call_purpose,1_20_28,customer_service,personal_phone_service,SEOTQHFCMWVORZGBZTNQ,20,28,1,3696969600,cti
254,customer_id,11,inbound,3697999891,call_purpose,1_21_214,customer_service,personal_phone_service,NZUABKAMRWXMWAGPYHGA,21,214,1,3696969600,cti
255,customer_id,36,inbound,3697999891,call_purpose,1_21_214,customer_service,personal_phone_service,NZUABKAMRWXMWAGPYHGA,21,214,1,3696969600,cti
256,customer_id,12,inbound,3698015435,call_purpose,0_25_143,customer_service,personal_phone_service,UHOSMWBUVVIDRHCWITUQ,25,143,0,3696969600,cti
257,customer_id,37,inbound,3698015435,call_purpose,0_25_143,customer_service,personal_phone_service,UHOSMWBUVVIDRHCWITUQ,25,143,0,3696969600,cti
258,customer_id,9,inbound,3698021609,call_purpose,1_29_85,customer_service,personal_phone_service,MSMHHHWXYGZWOAPWJRTI,29,85,1,3696969600,cti
259,customer_id,34,inbound,3698021609,call_purpose,1_29_85,customer_service,personal_phone_service,MSMHHHWXYGZWOAPWJRTI,29,85,1,3696969600,cti
260,customer_id,16,inbound,3698023885,call_purpose,0_20_61,customer_service,personal_phone_service,NNKNSCYBOMQZSXTMRRZE,20,61,0,3696969600,cti
261,customer_id,41,inbound,3698023885,call_purpose,0_20_61,customer_service,personal_phone_service,NNKNSCYBOMQZSXTMRRZE,20,61,0,3696969600,cti
262,customer_id,17,inbound,3698025757,call_purpose,1_24_56,customer_service,personal_phone_service,EUSLIQDLLCSIDCMQJOMH,24,56,1,3696969600,cti
263,customer_id,42,inbound,3698025757,call_purpose,1_24_56,customer_service,personal_phone_service,EUSLIQDLLCSIDCMQJOMH,24,56,1,3696969600,cti
264,customer_id,5,inbound,3698053276,call_purpose,0_4_174,customer_service,personal_phone_service,MTOAYVTFPFJFTSCRXTNP,4,174,0,3696969600,cti
265,customer_id,30,inbound,3698053276,call_purpose,0_4_174,customer_service,personal_phone_service,MTOAYVTFPFJFTSCRXTNP,4,174,0,3696969600,cti
266,customer_id,17,inbound,3698055216,call_purpose,0_19_251,customer_service,personal_phone_service,EJTUHEWHOLNZLOXCYLYR,19,251,0,3696969600,cti
267,customer_id,42,inbound,3698055216,call_purpose,0_19_251,customer_service,personal_phone_service,EJTUHEWHOLNZLOXCYLYR,19,251,0,3696969600,cti
268,customer_id,12,inbound,3698064382,call_purpose,1_19_88,customer_service,personal_phone_service,TUQKXGVCKHRRSPDSETQV,19,88,1,3696969600,cti
269,customer_id,37,inbound,3698064382,call_purpose,1_19_88,customer_service,personal_phone_service,TUQKXGVCKHRRSPDSETQV,19,88,1,3696969600,cti
270,customer_id,11,inbound,3698066489,call_purpose,2_3_61,customer_service,personal_phone_service,MKSMKMHLYOMXFGAEGNOG,3,61,2,3696969600,cti
271,customer_id,36,inbound,3698066489,call_purpose,2_3_61,customer_service,personal_phone_service,MKSMKMHLYOMXFGAEGNOG,3,61,2,3696969600,cti
272,customer_id,5,inbound,3698088592,call_purpose,0_21_163,customer_service,personal_phone_service,FTYMXGIHFZUFMUUPAVLA,21,163,0,3696969600,cti
273,customer_id,30,inbound,3698088592,call_purpose,0_21_163,customer_service,personal_phone_service,FTYMXGIHFZUFMUUPAVLA,21,163,0,3696969600,cti
274,customer_id,24,inbound,3698089791,call_purpose,2_12_272,customer_service,personal_phone_service,FFYYSWLMORDWFLIEWSMB,12,272,2,3696969600,cti
275,customer_id,49,inbound,3698089791,call_purpose,2_12_272,customer_service,personal_phone_service,FFYYSWLMORDWFLIEWSMB,12,272,2,3696969600,cti
276,customer_id,23,inbound,3698105179,call_purpose,0_21_64,customer_service,personal_phone_service,KGGMPSOOPETGOANYJCAP,21,64,0,3696969600,cti
277,customer_id,48,inbound,3698105179,call_purpose,0_21_64,customer_service,personal_phone_service,KGGMPSOOPETGOANYJCAP,21,64,0,3696969600,cti
278,customer_id,10,inbound,3698114060,call_purpose,0_17_71,customer_service,personal_phone_service,NXIPVKGPBQJFNZNRZZPP,17,71,0,3696969600,cti
279,customer_id,35,inbound,3698114060,call_purpose,0_17_71,customer_service,personal_phone_service,NXIPVKGPBQJFNZNRZZPP,17,71,0,3696969600,cti
280,customer_id,22,inbound,3698115498,call_purpose,2_5_273,customer_service,personal_phone_service,RWAEEBJWHXEPFGMLYTKC,5,273,2,3696969600,cti
281,customer_id,47,inbound,3698115498,call_purpose,2_5_273,customer_service,personal_phone_service,RWAEEBJWHXEPFGMLYTKC,5,273,2,3696969600,cti
282,customer_id,11,inbound,3698130052,call_purpose,1_7_95,customer_service,personal_phone_service,WEPDPIDFSHBMQBCYPLVS,7,95,1,3696969600,cti
283,customer_id,36,inbound,3698130052,call_purpose,1_7_95,customer_service,personal_phone_service,WEPDPIDFSHBMQBCYPLVS,7,95,1,3696969600,cti
284,customer_id,11,inbound,3698146648,call_purpose,1_5_263,customer_service,personal_phone_service,FZXUCATCUFNVISBCUBSJ,5,263,1,3696969600,cti
285,customer_id,36,inbound,3698146648,call_purpose,1_5_263,customer_service,personal_phone_service,FZXUCATCUFNVISBCUBSJ,5,263,1,3696969600,cti
286,customer_id,6,inbound,3698147680,call_purpose,2_20_26,customer_service,personal_phone_service,LBWXGGTPYQWXJLXFXKMQ,20,26,2,3696969600,cti
287,customer_id,31,inbound,3698147680,call_purpose,2_20_26,customer_service,personal_phone_service,LBWXGGTPYQWXJLXFXKMQ,20,26,2,3696969600,cti
288,customer_id,21,inbound,3698150087,call_purpose,2_22_227,customer_service,personal_phone_service,YJCGDXEUPVVEJCXKVYBJ,22,227,2,3696969600,cti
289,customer_id,46,inbound,3698150087,call_purpose,2_22_227,customer_service,personal_phone_service,YJCGDXEUPVVEJCXKVYBJ,22,227,2,3696969600,cti
290,customer_id,11,inbound,3698151128,call_purpose,1_4_13,customer_service,personal_phone_service,CSUFARDWMWDBRXQDPZHF,4,13,1,3696969600,cti
291,customer_id,36,inbound,3698151128,call_purpose,1_4_13,customer_service,personal_phone_service,CSUFARDWMWDBRXQDPZHF,4,13,1,3696969600,cti
292,customer_id,12,inbound,3698155614,call_purpose,1_12_181,customer_service,personal_phone_service,TJGYRDEWFVIFJAANUGDW,12,181,1,3696969600,cti
293,customer_id,37,inbound,3698155614,call_purpose,1_12_181,customer_service,personal_phone_service,TJGYRDEWFVIFJAANUGDW,12,181,1,3696969600,cti
294,customer_id,6,inbound,3698176555,call_purpose,0_21_295,customer_service,personal_phone_service,UFLUWSLYKIUDTTMHETZV,21,295,0,3696969600,cti
295,customer_id,31,inbound,3698176555,call_purpose,0_21_295,customer_service,personal_phone_service,UFLUWSLYKIUDTTMHETZV,21,295,0,3696969600,cti
296,customer_id,10,inbound,3698179942,call_purpose,0_16_129,customer_service,personal_phone_service,SBNGNVKDHXICZXZEFPSW,16,129,0,3696969600,cti
297,customer_id,35,inbound,3698179942,call_purpose,0_16_129,customer_service,personal_phone_service,SBNGNVKDHXICZXZEFPSW,16,129,0,3696969600,cti
298,customer_id,19,inbound,3698195408,call_purpose,0_28_11,customer_service,personal_phone_service,KCYYOYTEGDFYQIZQVLIB,28,11,0,3696969600,cti
299,customer_id,44,inbound,3698195408,call_purpose,0_28_11,customer_service,personal_phone_service,KCYYOYTEGDFYQIZQVLIB,28,11,0,3696969600,cti
300,customer_id,21,inbound,3698230018,call_purpose,1_19_15,customer_service,personal_phone_service,CPSDGXVWIDMQRAUYXEDB,19,15,1,3696969600,cti
301,customer_id,46,inbound,3698230018,call_purpose,1_19_15,customer_service,personal_phone_service,CPSDGXVWIDMQRAUYXEDB,19,15,1,3696969600,cti
302,customer_id,11,inbound,3698236867,call_purpose,0_28_174,customer_service,personal_phone_service,IFFXSJKYQKXYGSYCKLPZ,28,174,0,3696969600,cti
303,customer_id,36,inbound,3698236867,call_purpose,0_28_174,customer_service,personal_phone_service,IFFXSJKYQKXYGSYCKLPZ,28,174,0,3696969600,cti
304,customer_id,12,inbound,3698243059,call_purpose,1_21_273,customer_service,personal_phone_service,SDGFXDUCMOLXKGNNVBMD,21,273,1,3696969600,cti
305,customer_id,37,inbound,3698243059,call_purpose,1_21_273,customer_service,personal_phone_service,SDGFXDUCMOLXKGNNVBMD,21,273,1,3696969600,cti
306,customer_id,8,inbound,3698246641,call_purpose,0_2_18,customer_service,personal_phone_service,BSOSDXCVKUCRERGVAOQO,2,18,0,3696969600,cti
307,customer_id,33,inbound,3698246641,call_purpose,0_2_18,customer_service,personal_phone_service,BSOSDXCVKUCRERGVAOQO,2,18,0,3696969600,cti
308,customer_id,8,inbound,3698247846,call_purpose,1_22_275,customer_service,personal_phone_service,YFVPOOZLHWJJTVHJLWYZ,22,275,1,3696969600,cti
309,customer_id,33,inbound,3698247846,call_purpose,1_22_275,customer_service,personal_phone_service,YFVPOOZLHWJJTVHJLWYZ,22,275,1,3696969600,cti
310,customer_id,14,inbound,3698247960,call_purpose,1_11_46,customer_service,personal_phone_service,AKVVLQXGPZUAEEVYUBPC,11,46,1,3696969600,cti
311,customer_id,39,inbound,3698247960,call_purpose,1_11_46,customer_service,personal_phone_service,AKVVLQXGPZUAEEVYUBPC,11,46,1,3696969600,cti
312,customer_id,1,inbound,3698252247,call_purpose,1_1_247,customer_service,personal_phone_service,COWKORAVGNTTYVNKRAZS,1,247,1,3696969600,cti
313,customer_id,26,inbound,3698252247,call_purpose,1_1_247,customer_service,personal_phone_service,COWKORAVGNTTYVNKRAZS,1,247,1,3696969600,cti
314,customer_id,21,inbound,3698252656,call_purpose,1_11_285,customer_service,personal_phone_service,IWBMXZFHEZZQFNJBEQIK,11,285,1,3696969600,cti
315,customer_id,46,inbound,3698252656,call_purpose,1_11_285,customer_service,personal_phone_service,IWBMXZFHEZZQFNJBEQIK,11,285,1,3696969600,cti
316,customer_id,5,inbound,3698254293,call_purpose,2_22_1,customer_service,personal_phone_service,RFVSHASIQVEEKHHGGXGS,22,1,2,3696969600,cti
317,customer_id,30,inbound,3698254293,call_purpose,2_22_1,customer_service,personal_phone_service,RFVSHASIQVEEKHHGGXGS,22,1,2,3696969600,cti
318,customer_id,20,inbound,3698266373,call_purpose,2_23_122,customer_service,personal_phone_service,YZOIVWDEDAGQZCKYPZRN,23,122,2,3696969600,cti
319,customer_id,45,inbound,3698266373,call_purpose,2_23_122,customer_service,personal_phone_service,YZOIVWDEDAGQZCKYPZRN,23,122,2,3696969600,cti
320,customer_id,1,inbound,3698272965,call_purpose,0_19_259,customer_service,personal_phone_service,ENAADXBGWETKLVGFRBJV,19,259,0,3696969600,cti
321,customer_id,26,inbound,3698272965,call_purpose,0_19_259,customer_service,personal_phone_service,ENAADXBGWETKLVGFRBJV,19,259,0,3696969600,cti
322,customer_id,19,inbound,3698287519,call_purpose,0_4_97,customer_service,personal_phone_service,UIRHBNUKIVRWWQNYWKRF,4,97,0,3696969600,cti
323,customer_id,44,inbound,3698287519,call_purpose,0_4_97,customer_service,personal_phone_service,UIRHBNUKIVRWWQNYWKRF,4,97,0,3696969600,cti
324,customer_id,25,inbound,3698289006,call_purpose,2_19_86,customer_service,personal_phone_service,DYHTDKGVBVVAXIRSHKCZ,19,86,2,3696969600,cti
325,customer_id,50,inbound,3698289006,call_purpose,2_19_86,customer_service,personal_phone_service,DYHTDKGVBVVAXIRSHKCZ,19,86,2,3696969600,cti
326,customer_id,5,inbound,3698298911,call_purpose,2_2_277,customer_service,personal_phone_service,IKDJGKXZUFNWIKXBPDPR,2,277,2,3696969600,cti
327,customer_id,30,inbound,3698298911,call_purpose,2_2_277,customer_service,personal_phone_service,IKDJGKXZUFNWIKXBPDPR,2,277,2,3696969600,cti
328,customer_id,14,inbound,3698302740,call_purpose,0_23_241,customer_service,personal_phone_service,HZYWNYQTKGWGRVZPYYIY,23,241,0,3696969600,cti
329,customer_id,39,inbound,3698302740,call_purpose,0_23_241,customer_service,personal_phone_service,HZYWNYQTKGWGRVZPYYIY,23,241,0,3696969600,cti
330,customer_id,6,inbound,3698303791,call_purpose,0_4_86,customer_service,personal_phone_service,XHUPMSADMBVEAIFNAUME,4,86,0,3696969600,cti
331,customer_id,31,inbound,3698303791,call_purpose,0_4_86,customer_service,personal_phone_service,XHUPMSADMBVEAIFNAUME,4,86,0,3696969600,cti
332,customer_id,16,inbound,3698351121,call_purpose,1_22_4,customer_service,personal_phone_service,ZRIXUENQWEWTNKTHSXLQ,22,4,1,3696969600,cti
333,customer_id,41,inbound,3698351121,call_purpose,1_22_4,customer_service,personal_phone_service,ZRIXUENQWEWTNKTHSXLQ,22,4,1,3696969600,cti
334,customer_id,21,inbound,3698351900,call_purpose,0_17_291,customer_service,personal_phone_service,NFSWRNRFCYRKPCZYNBRV,17,291,0,3696969600,cti
335,customer_id,46,inbound,3698351900,call_purpose,0_17_291,customer_service,personal_phone_service,NFSWRNRFCYRKPCZYNBRV,17,291,0,3696969600,cti
336,customer_id,25,inbound,3698352182,call_purpose,1_26_131,customer_service,personal_phone_service,LTGVZNEIIMNZAXIWMFAE,26,131,1,3696969600,cti
337,customer_id,50,inbound,3698352182,call_purpose,1_26_131,customer_service,personal_phone_service,LTGVZNEIIMNZAXIWMFAE,26,131,1,3696969600,cti
338,customer_id,14,inbound,3698360690,call_purpose,2_3_218,customer_service,personal_phone_service,MKNKEJPICVENEQKVTZQR,3,218,2,3696969600,cti
339,customer_id,39,inbound,3698360690,call_purpose,2_3_218,customer_service,personal_phone_service,MKNKEJPICVENEQKVTZQR,3,218,2,3696969600,cti
340,customer_id,25,inbound,3698367490,call_purpose,0_17_4,customer_service,personal_phone_service,GZWUBKSGPOYKMUVVONKH,17,4,0,3696969600,cti
341,customer_id,50,inbound,3698367490,call_purpose,0_17_4,customer_service,personal_phone_service,GZWUBKSGPOYKMUVVONKH,17,4,0,3696969600,cti
342,customer_id,9,inbound,3698377604,call_purpose,0_23_226,customer_service,personal_phone_service,GFNVGPBNBSMDDFPSCIFG,23,226,0,3696969600,cti
343,customer_id,34,inbound,3698377604,call_purpose,0_23_226,customer_service,personal_phone_service,GFNVGPBNBSMDDFPSCIFG,23,226,0,3696969600,cti
344,customer_id,7,inbound,3698392004,call_purpose,2_14_243,customer_service,personal_phone_service,BRBGKMQMMVKWEFYCYMDM,14,243,2,3696969600,cti
345,customer_id,32,inbound,3698392004,call_purpose,2_14_243,customer_service,personal_phone_service,BRBGKMQMMVKWEFYCYMDM,14,243,2,3696969600,cti
346,customer_id,12,inbound,3698406843,call_purpose,2_4_0,customer_service,personal_phone_service,DYTTZCOMJCXEHASKRTCV,4,0,2,3696969600,cti
347,customer_id,37,inbound,3698406843,call_purpose,2_4_0,customer_service,personal_phone_service,DYTTZCOMJCXEHASKRTCV,4,0,2,3696969600,cti
348,customer_id,16,inbound,3698420972,call_purpose,1_7_221,customer_service,personal_phone_service,PLOWMQSAPWLJGRPHLVEQ,7,221,1,3696969600,cti
349,customer_id,41,inbound,3698420972,call_purpose,1_7_221,customer_service,personal_phone_service,PLOWMQSAPWLJGRPHLVEQ,7,221,1,3696969600,cti
350,customer_id,17,inbound,3698450649,call_purpose,0_14_10,customer_service,personal_phone_service,ITRGIWAQRTIUDELXAZGE,14,10,0,3696969600,cti
351,customer_id,42,inbound,3698450649,call_purpose,0_14_10,customer_service,personal_phone_service,ITRGIWAQRTIUDELXAZGE,14,10,0,3696969600,cti
352,customer_id,11,inbound,3698490298,call_purpose,1_9_173,customer_service,personal_phone_service,UBUJMDJPRKQGILQDIRIA,9,173,1,3696969600,cti
353,customer_id,36,inbound,3698490298,call_purpose,1_9_173,customer_service,personal_phone_service,UBUJMDJPRKQGILQDIRIA,9,173,1,3696969600,cti
354,customer_id,6,inbound,3698494235,call_purpose,2_27_50,customer_service,personal_phone_service,FYHYYMPPIBRVJMGHAHCM,27,50,2,3696969600,cti
355,customer_id,31,inbound,3698494235,call_purpose,2_27_50,customer_service,personal_phone_service,FYHYYMPPIBRVJMGHAHCM,27,50,2,3696969600,cti
356,customer_id,2,inbound,3698521476,call_purpose,0_22_164,customer_service,personal_phone_service,LMNVAIONOTCYVHUWKEOX,22,164,0,3696969600,cti
357,customer_id,27,inbound,3698521476,call_purpose,0_22_164,customer_service,personal_phone_service,LMNVAIONOTCYVHUWKEOX,22,164,0,3696969600,cti
358,customer_id,21,inbound,3698533531,call_purpose,2_17_145,customer_service,personal_phone_service,WURTQFIHBZHLBTLAYNJE,17,145,2,3696969600,cti
359,customer_id,46,inbound,3698533531,call_purpose,2_17_145,customer_service,personal_phone_service,WURTQFIHBZHLBTLAYNJE,17,145,2,3696969600,cti
360,customer_id,7,inbound,3698551239,call_purpose,0_0_48,customer_service,personal_phone_service,YEOXLUUXWBPBRBHDWOHN,0,48,0,3696969600,cti
361,customer_id,32,inbound,3698551239,call_purpose,0_0_48,customer_service,personal_phone_service,YEOXLUUXWBPBRBHDWOHN,0,48,0,3696969600,cti
362,customer_id,12,inbound,3698567032,call_purpose,2_14_40,customer_service,personal_phone_service,ZJGJSLMLZGXCYPPQDUXQ,14,40,2,3696969600,cti
363,customer_id,37,inbound,3698567032,call_purpose,2_14_40,customer_service,personal_phone_service,ZJGJSLMLZGXCYPPQDUXQ,14,40,2,3696969600,cti
364,customer_id,14,inbound,3698589633,call_purpose,2_3_298,customer_service,personal_phone_service,FTWTHSVBJMDYYBCGTNCW,3,298,2,3696969600,cti
365,customer_id,39,inbound,3698589633,call_purpose,2_3_298,customer_service,personal_phone_service,FTWTHSVBJMDYYBCGTNCW,3,298,2,3696969600,cti
366,customer_id,11,inbound,3698618756,call_purpose,0_9_136,customer_service,personal_phone_service,EQYFSTTEWOAAMGICGITX,9,136,0,3696969600,cti
367,customer_id,36,inbound,3698618756,call_purpose,0_9_136,customer_service,personal_phone_service,EQYFSTTEWOAAMGICGITX,9,136,0,3696969600,cti
368,customer_id,21,inbound,3698636987,call_purpose,0_0_34,customer_service,personal_phone_service,EUQPXXNZKNFWVCZRSBND,0,34,0,3696969600,cti
369,customer_id,46,inbound,3698636987,call_purpose,0_0_34,customer_service,personal_phone_service,EUQPXXNZKNFWVCZRSBND,0,34,0,3696969600,cti
370,customer_id,10,inbound,3698657489,call_purpose,0_9_136,customer_service,personal_phone_service,DPTXPZIFUHTYXCVTNBJR,9,136,0,3696969600,cti
371,customer_id,35,inbound,3698657489,call_purpose,0_9_136,customer_service,personal_phone_service,DPTXPZIFUHTYXCVTNBJR,9,136,0,3696969600,cti
372,customer_id,1,inbound,3698682470,call_purpose,2_4_155,customer_service,personal_phone_service,XWNDUPGTHZDFGRWOISCS,4,155,2,3696969600,cti
373,customer_id,26,inbound,3698682470,call_purpose,2_4_155,customer_service,personal_phone_service,XWNDUPGTHZDFGRWOISCS,4,155,2,3696969600,cti
374,customer_id,24,inbound,3698684016,call_purpose,2_6_64,customer_service,personal_phone_service,LKMLLUEBXOSIUYNSODJD,6,64,2,3696969600,cti
375,customer_id,49,inbound,3698684016,call_purpose,2_6_64,customer_service,personal_phone_service,LKMLLUEBXOSIUYNSODJD,6,64,2,3696969600,cti
376,customer_id,11,inbound,3698685699,call_purpose,0_25_199,customer_service,personal_phone_service,NPOGVVULBKFPWZLYLNXS,25,199,0,3696969600,cti
377,customer_id,36,inbound,3698685699,call_purpose,0_25_199,customer_service,personal_phone_service,NPOGVVULBKFPWZLYLNXS,25,199,0,3696969600,cti
378,customer_id,11,inbound,3698693533,call_purpose,1_24_47,customer_service,personal_phone_service,PMJEWUWAYRZYUORJRRBH,24,47,1,3696969600,cti
379,customer_id,36,inbound,3698693533,call_purpose,1_24_47,customer_service,personal_phone_service,PMJEWUWAYRZYUORJRRBH,24,47,1,3696969600,cti
380,customer_id,5,inbound,3698703187,call_purpose,1_26_106,customer_service,personal_phone_service,NSMXNYXVJOCUGZYOEQJB,26,106,1,3696969600,cti
381,customer_id,30,inbound,3698703187,call_purpose,1_26_106,customer_service,personal_phone_service,NSMXNYXVJOCUGZYOEQJB,26,106,1,3696969600,cti
382,customer_id,22,inbound,3698703504,call_purpose,2_13_103,customer_service,personal_phone_service,JYDPITARWULAOODLEAHR,13,103,2,3696969600,cti
383,customer_id,47,inbound,3698703504,call_purpose,2_13_103,customer_service,personal_phone_service,JYDPITARWULAOODLEAHR,13,103,2,3696969600,cti
384,customer_id,8,inbound,3698708323,call_purpose,2_4_162,customer_service,personal_phone_service,EWUVPCBDJNINCTPAQZUW,4,162,2,3696969600,cti
385,customer_id,33,inbound,3698708323,call_purpose,2_4_162,customer_service,personal_phone_service,EWUVPCBDJNINCTPAQZUW,4,162,2,3696969600,cti
386,customer_id,21,inbound,3698714815,call_purpose,0_25_41,customer_service,personal_phone_service,JWEVLBUSJJMSDGNQSTST,25,41,0,3696969600,cti
387,customer_id,46,inbound,3698714815,call_purpose,0_25_41,customer_service,personal_phone_service,JWEVLBUSJJMSDGNQSTST,25,41,0,3696969600,cti
388,customer_id,18,inbound,3698724943,call_purpose,0_29_67,customer_service,personal_phone_service,ICTPORDWMLUCQFDWTRSP,29,67,0,3696969600,cti
389,customer_id,43,inbound,3698724943,call_purpose,0_29_67,customer_service,personal_phone_service,ICTPORDWMLUCQFDWTRSP,29,67,0,3696969600,cti
390,customer_id,11,inbound,3698738946,call_purpose,0_29_100,customer_service,personal_phone_service,ZYBZUOOKOOWVITPLCSXK,29,100,0,3696969600,cti
391,customer_id,36,inbound,3698738946,call_purpose,0_29_100,customer_service,personal_phone_service,ZYBZUOOKOOWVITPLCSXK,29,100,0,3696969600,cti
392,customer_id,1,inbound,3698785016,call_purpose,1_14_12,customer_service,personal_phone_service,KGDHAFOUVUCMTJTENHRD,14,12,1,3696969600,cti
393,customer_id,26,inbound,3698785016,call_purpose,1_14_12,customer_service,personal_phone_service,KGDHAFOUVUCMTJTENHRD,14,12,1,3696969600,cti
394,customer_id,18,inbound,3698786630,call_purpose,2_29_28,customer_service,personal_phone_service,VGYCRPOWVBCTOOSNNIRA,29,28,2,3696969600,cti
395,customer_id,43,inbound,3698786630,call_purpose,2_29_28,customer_service,personal_phone_service,VGYCRPOWVBCTOOSNNIRA,29,28,2,3696969600,cti
396,customer_id,14,inbound,3698791083,call_purpose,2_13_32,customer_service,personal_phone_service,JHPPTNUCWTDYJRQIFTJG,13,32,2,3696969600,cti
397,customer_id,39,inbound,3698791083,call_purpose,2_13_32,customer_service,personal_phone_service,JHPPTNUCWTDYJRQIFTJG,13,32,2,3696969600,cti
398,customer_id,3,inbound,3698791868,call_purpose,1_20_263,customer_service,personal_phone_service,FZYQMNAHPXDFRQHWJMUO,20,263,1,3696969600,cti
399,customer_id,28,inbound,3698791868,call_purpose,1_20_263,customer_service,personal_phone_service,FZYQMNAHPXDFRQHWJMUO,20,263,1,3696969600,cti
400,customer_id,19,inbound,3698811338,call_purpose,0_3_115,customer_service,personal_phone_service,SDTSCMFVSATHIZBREQVH,3,115,0,3696969600,cti
401,customer_id,44,inbound,3698811338,call_purpose,0_3_115,customer_service,personal_phone_service,SDTSCMFVSATHIZBREQVH,3,115,0,3696969600,cti
402,customer_id,18,inbound,3698818010,call_purpose,0_20_263,customer_service,personal_phone_service,RXLIXWPKSKIOFGVPXNQQ,20,263,0,3696969600,cti
403,customer_id,43,inbound,3698818010,call_purpose,0_20_263,customer_service,personal_phone_service,RXLIXWPKSKIOFGVPXNQQ,20,263,0,3696969600,cti
404,customer_id,17,inbound,3698823817,call_purpose,1_19_299,customer_service,personal_phone_service,HJCFPXGRNWFWRFVMZWWM,19,299,1,3696969600,cti
405,customer_id,42,inbound,3698823817,call_purpose,1_19_299,customer_service,personal_phone_service,HJCFPXGRNWFWRFVMZWWM,19,299,1,3696969600,cti
406,customer_id,18,inbound,3698854487,call_purpose,0_21_70,customer_service,personal_phone_service,RSLUTVRSMNDELDJPAOJL,21,70,0,3696969600,cti
407,customer_id,43,inbound,3698854487,call_purpose,0_21_70,customer_service,personal_phone_service,RSLUTVRSMNDELDJPAOJL,21,70,0,3696969600,cti
408,customer_id,22,inbound,3698865675,call_purpose,0_6_111,customer_service,personal_phone_service,OGJCWJVUOVFYWDUGPUGV,6,111,0,3696969600,cti
409,customer_id,47,inbound,3698865675,call_purpose,0_6_111,customer_service,personal_phone_service,OGJCWJVUOVFYWDUGPUGV,6,111,0,3696969600,cti
410,customer_id,24,inbound,3698870128,call_purpose,0_8_83,customer_service,personal_phone_service,ESYJGCVZVSWLBXGBDOMG,8,83,0,3696969600,cti
411,customer_id,49,inbound,3698870128,call_purpose,0_8_83,customer_service,personal_phone_service,ESYJGCVZVSWLBXGBDOMG,8,83,0,3696969600,cti
412,customer_id,17,inbound,3698871663,call_purpose,0_8_159,customer_service,personal_phone_service,NHAXUBQRYTGQWVTHDHHN,8,159,0,3696969600,cti
413,customer_id,42,inbound,3698871663,call_purpose,0_8_159,customer_service,personal_phone_service,NHAXUBQRYTGQWVTHDHHN,8,159,0,3696969600,cti
414,customer_id,10,inbound,3698873573,call_purpose,0_2_34,customer_service,personal_phone_service,KNBNDERUOVYWFDKRIKRP,2,34,0,3696969600,cti
415,customer_id,35,inbound,3698873573,call_purpose,0_2_34,customer_service,personal_phone_service,KNBNDERUOVYWFDKRIKRP,2,34,0,3696969600,cti
416,customer_id,25,inbound,3698875623,call_purpose,1_19_116,customer_service,personal_phone_service,MBYKFDLNATHDBHRSNVON,19,116,1,3696969600,cti
417,customer_id,50,inbound,3698875623,call_purpose,1_19_116,customer_service,personal_phone_service,MBYKFDLNATHDBHRSNVON,19,116,1,3696969600,cti
418,customer_id,9,inbound,3698877029,call_purpose,1_23_47,customer_service,personal_phone_service,HVLUSAFCBALJWAOJYGBB,23,47,1,3696969600,cti
419,customer_id,34,inbound,3698877029,call_purpose,1_23_47,customer_service,personal_phone_service,HVLUSAFCBALJWAOJYGBB,23,47,1,3696969600,cti
420,customer_id,23,inbound,3698878819,call_purpose,2_14_253,customer_service,personal_phone_service,FMKUVLLFCMXDZYFKXZVX,14,253,2,3696969600,cti
421,customer_id,48,inbound,3698878819,call_purpose,2_14_253,customer_service,personal_phone_service,FMKUVLLFCMXDZYFKXZVX,14,253,2,3696969600,cti
422,customer_id,25,inbound,3698908340,call_purpose,0_11_216,customer_service,personal_phone_service,XIAWHFNEYKQNXNRXQOAY,11,216,0,3696969600,cti
423,customer_id,50,inbound,3698908340,call_purpose,0_11_216,customer_service,personal_phone_service,XIAWHFNEYKQNXNRXQOAY,11,216,0,3696969600,cti
424,customer_id,12,inbound,3698916472,call_purpose,2_17_52,customer_service,personal_phone_service,DQWPRESYQFYZVEEDJMCK,17,52,2,3696969600,cti
425,customer_id,37,inbound,3698916472,call_purpose,2_17_52,customer_service,personal_phone_service,DQWPRESYQFYZVEEDJMCK,17,52,2,3696969600,cti
426,customer_id,10,inbound,3698942266,call_purpose,1_17_13,customer_service,personal_phone_service,KHWHNMONQKHDNWKPMWCP,17,13,1,3696969600,cti
427,customer_id,35,inbound,3698942266,call_purpose,1_17_13,customer_service,personal_phone_service,KHWHNMONQKHDNWKPMWCP,17,13,1,3696969600,cti
428,customer_id,25,inbound,3698943994,call_purpose,2_19_20,customer_service,personal_phone_service,HJMLYNLMTJMTUYBEKXSA,19,20,2,3696969600,cti
429,customer_id,50,inbound,3698943994,call_purpose,2_19_20,customer_service,personal_phone_service,HJMLYNLMTJMTUYBEKXSA,19,20,2,3696969600,cti
430,customer_id,21,inbound,3698950487,call_purpose,0_13_261,customer_service,personal_phone_service,XEMVJBUZCKQEVWJCXOAE,13,261,0,3696969600,cti
431,customer_id,46,inbound,3698950487,call_purpose,0_13_261,customer_service,personal_phone_service,XEMVJBUZCKQEVWJCXOAE,13,261,0,3696969600,cti
432,customer_id,17,inbound,3698957734,call_purpose,2_23_222,customer_service,personal_phone_service,LKQLVNJFYZGPALPXXVSD,23,222,2,3696969600,cti
433,customer_id,42,inbound,3698957734,call_purpose,2_23_222,customer_service,personal_phone_service,LKQLVNJFYZGPALPXXVSD,23,222,2,3696969600,cti
434,customer_id,7,inbound,3698962135,call_purpose,2_13_55,customer_service,personal_phone_service,ZGJAZEZANNLJMXTYJZAQ,13,55,2,3696969600,cti
435,customer_id,32,inbound,3698962135,call_purpose,2_13_55,customer_service,personal_phone_service,ZGJAZEZANNLJMXTYJZAQ,13,55,2,3696969600,cti
436,customer_id,25,inbound,3698963478,call_purpose,2_25_275,customer_service,personal_phone_service,MHUWYGTNCRYOLJUPLDKX,25,275,2,3696969600,cti
437,customer_id,50,inbound,3698963478,call_purpose,2_25_275,customer_service,personal_phone_service,MHUWYGTNCRYOLJUPLDKX,25,275,2,3696969600,cti
438,customer_id,10,inbound,3698976978,call_purpose,0_29_69,customer_service,personal_phone_service,LKADXFFJOVQZOFALQVME,29,69,0,3696969600,cti
439,customer_id,35,inbound,3698976978,call_purpose,0_29_69,customer_service,personal_phone_service,LKADXFFJOVQZOFALQVME,29,69,0,3696969600,cti
440,customer_id,21,inbound,3698978678,call_purpose,1_22_246,customer_service,personal_phone_service,VSDFUREYFLUQETURPFUU,22,246,1,3696969600,cti
441,customer_id,46,inbound,3698978678,call_purpose,1_22_246,customer_service,personal_phone_service,VSDFUREYFLUQETURPFUU,22,246,1,3696969600,cti
442,customer_id,22,inbound,3698979985,call_purpose,0_18_297,customer_service,personal_phone_service,GXBLYHDHEZHNDDMHQYJW,18,297,0,3696969600,cti
443,customer_id,47,inbound,3698979985,call_purpose,0_18_297,customer_service,personal_phone_service,GXBLYHDHEZHNDDMHQYJW,18,297,0,3696969600,cti
444,customer_id,12,inbound,3698984185,call_purpose,2_5_270,customer_service,personal_phone_service,KPLGPRPYYVXOQFUWMTOA,5,270,2,3696969600,cti
445,customer_id,37,inbound,3698984185,call_purpose,2_5_270,customer_service,personal_phone_service,KPLGPRPYYVXOQFUWMTOA,5,270,2,3696969600,cti
446,customer_id,1,inbound,3699005211,call_purpose,0_29_49,customer_service,personal_phone_service,QZAIVZXZSXSHWVZYVACH,29,49,0,3696969600,cti
447,customer_id,26,inbound,3699005211,call_purpose,0_29_49,customer_service,personal_phone_service,QZAIVZXZSXSHWVZYVACH,29,49,0,3696969600,cti
448,customer_id,18,inbound,3699009058,call_purpose,2_8_79,customer_service,personal_phone_service,XXQQHRQQHIDRVYWMNOIR,8,79,2,3696969600,cti
449,customer_id,43,inbound,3699009058,call_purpose,2_8_79,customer_service,personal_phone_service,XXQQHRQQHIDRVYWMNOIR,8,79,2,3696969600,cti
450,customer_id,2,inbound,3699037809,call_purpose,0_15_188,customer_service,personal_phone_service,OOHKONNHJHIYHGHJCTJH,15,188,0,3696969600,cti
451,customer_id,27,inbound,3699037809,call_purpose,0_15_188,customer_service,personal_phone_service,OOHKONNHJHIYHGHJCTJH,15,188,0,3696969600,cti
452,customer_id,6,inbound,3699049237,call_purpose,2_25_194,customer_service,personal_phone_service,XJFVRASKSCKYBTYTLAIK,25,194,2,3696969600,cti
453,customer_id,31,inbound,3699049237,call_purpose,2_25_194,customer_service,personal_phone_service,XJFVRASKSCKYBTYTLAIK,25,194,2,3696969600,cti
454,customer_id,9,inbound,3699073367,call_purpose,2_20_12,customer_service,personal_phone_service,MSPFTCRWOBOYRTZBLBHW,20,12,2,3696969600,cti
455,customer_id,34,inbound,3699073367,call_purpose,2_20_12,customer_service,personal_phone_service,MSPFTCRWOBOYRTZBLBHW,20,12,2,3696969600,cti
456,customer_id,6,inbound,3699079842,call_purpose,2_17_170,customer_service,personal_phone_service,DTUQYHCMETDNNBNKNESN,17,170,2,3696969600,cti
457,customer_id,31,inbound,3699079842,call_purpose,2_17_170,customer_service,personal_phone_service,DTUQYHCMETDNNBNKNESN,17,170,2,3696969600,cti
458,customer_id,6,inbound,3699085220,call_purpose,0_24_77,customer_service,personal_phone_service,FYPHDZWUBGMEZQDIPHUY,24,77,0,3696969600,cti
459,customer_id,31,inbound,3699085220,call_purpose,0_24_77,customer_service,personal_phone_service,FYPHDZWUBGMEZQDIPHUY,24,77,0,3696969600,cti
460,customer_id,7,inbound,3699093658,call_purpose,1_12_281,customer_service,personal_phone_service,CNFMBWRTGFUSQZUCREQH,12,281,1,3696969600,cti
461,customer_id,32,inbound,3699093658,call_purpose,1_12_281,customer_service,personal_phone_service,CNFMBWRTGFUSQZUCREQH,12,281,1,3696969600,cti
462,customer_id,17,inbound,3699093957,call_purpose,0_11_219,customer_service,personal_phone_service,IEUTNALVGJYNAKZHFYDF,11,219,0,3696969600,cti
463,customer_id,42,inbound,3699093957,call_purpose,0_11_219,customer_service,personal_phone_service,IEUTNALVGJYNAKZHFYDF,11,219,0,3696969600,cti
464,customer_id,13,inbound,3699100154,call_purpose,2_19_89,customer_service,personal_phone_service,QYOJMXCCREMKJEOKLWUI,19,89,2,3696969600,cti
465,customer_id,38,inbound,3699100154,call_purpose,2_19_89,customer_service,personal_phone_service,QYOJMXCCREMKJEOKLWUI,19,89,2,3696969600,cti
466,customer_id,8,inbound,3699104303,call_purpose,2_20_289,customer_service,personal_phone_service,AKEOQJXYNQCIJAJESINF,20,289,2,3696969600,cti
467,customer_id,33,inbound,3699104303,call_purpose,2_20_289,customer_service,personal_phone_service,AKEOQJXYNQCIJAJESINF,20,289,2,3696969600,cti
468,customer_id,1,inbound,3699141440,call_purpose,2_18_20,customer_service,personal_phone_service,ZTZDFZPUFQZMDVZNRNBK,18,20,2,3696969600,cti
469,customer_id,26,inbound,3699141440,call_purpose,2_18_20,customer_service,personal_phone_service,ZTZDFZPUFQZMDVZNRNBK,18,20,2,3696969600,cti
470,customer_id,18,inbound,3699155690,call_purpose,0_2_193,customer_service,personal_phone_service,QRRVQVPVFBSOSFSISSUH,2,193,0,3696969600,cti
471,customer_id,43,inbound,3699155690,call_purpose,0_2_193,customer_service,personal_phone_service,QRRVQVPVFBSOSFSISSUH,2,193,0,3696969600,cti
472,customer_id,25,inbound,3699157262,call_purpose,0_27_203,customer_service,personal_phone_service,DLWPLMJYQTMTCTVLFZXX,27,203,0,3696969600,cti
473,customer_id,50,inbound,3699157262,call_purpose,0_27_203,customer_service,personal_phone_service,DLWPLMJYQTMTCTVLFZXX,27,203,0,3696969600,cti
474,customer_id,5,inbound,3699157426,call_purpose,2_26_25,customer_service,personal_phone_service,DYRLYBHIJFRMTOLWESUQ,26,25,2,3696969600,cti
475,customer_id,30,inbound,3699157426,call_purpose,2_26_25,customer_service,personal_phone_service,DYRLYBHIJFRMTOLWESUQ,26,25,2,3696969600,cti
476,customer_id,19,inbound,3699158233,call_purpose,2_6_31,customer_service,personal_phone_service,FKJITDCGVZSATKLPTXDK,6,31,2,3696969600,cti
477,customer_id,44,inbound,3699158233,call_purpose,2_6_31,customer_service,personal_phone_service,FKJITDCGVZSATKLPTXDK,6,31,2,3696969600,cti
478,customer_id,12,inbound,3699158937,call_purpose,2_15_162,customer_service,personal_phone_service,HFQQGLZYMMRDDZZBIPNM,15,162,2,3696969600,cti
479,customer_id,37,inbound,3699158937,call_purpose,2_15_162,customer_service,personal_phone_service,HFQQGLZYMMRDDZZBIPNM,15,162,2,3696969600,cti
480,customer_id,19,inbound,3699174533,call_purpose,2_28_249,customer_service,personal_phone_service,BEMAZOBLBTCOMJCAADKO,28,249,2,3696969600,cti
481,customer_id,44,inbound,3699174533,call_purpose,2_28_249,customer_service,personal_phone_service,BEMAZOBLBTCOMJCAADKO,28,249,2,3696969600,cti
482,customer_id,4,inbound,3699174684,call_purpose,0_24_36,customer_service,personal_phone_service,XMBCBBOCGLNJSWOWDLNV,24,36,0,3696969600,cti
483,customer_id,29,inbound,3699174684,call_purpose,0_24_36,customer_service,personal_phone_service,XMBCBBOCGLNJSWOWDLNV,24,36,0,3696969600,cti
484,customer_id,17,inbound,3699187223,call_purpose,0_24_28,customer_service,personal_phone_service,ETPHPNFKMBRTHXEFEOZA,24,28,0,3696969600,cti
485,customer_id,42,inbound,3699187223,call_purpose,0_24_28,customer_service,personal_phone_service,ETPHPNFKMBRTHXEFEOZA,24,28,0,3696969600,cti
486,customer_id,1,inbound,3699193011,call_purpose,1_11_176,customer_service,personal_phone_service,MHBYLEQFGUWSGYRVIIXV,11,176,1,3696969600,cti
487,customer_id,26,inbound,3699193011,call_purpose,1_11_176,customer_service,personal_phone_service,MHBYLEQFGUWSGYRVIIXV,11,176,1,3696969600,cti
488,customer_id,14,inbound,3699197629,call_purpose,2_20_10,customer_service,personal_phone_service,NAMKJPGHCRTJWQQJMGVA,20,10,2,3696969600,cti
489,customer_id,39,inbound,3699197629,call_purpose,2_20_10,customer_service,personal_phone_service,NAMKJPGHCRTJWQQJMGVA,20,10,2,3696969600,cti
490,customer_id,10,inbound,3699207092,call_purpose,0_2_149,customer_service,personal_phone_service,JDABMCASPBRXWLFMJZQG,2,149,0,3696969600,cti
491,customer_id,35,inbound,3699207092,call_purpose,0_2_149,customer_service,personal_phone_service,JDABMCASPBRXWLFMJZQG,2,149,0,3696969600,cti
492,customer_id,18,inbound,3699210209,call_purpose,0_20_215,customer_service,personal_phone_service,OEYNRTVYJFXQPGXRNCTG,20,215,0,3696969600,cti
493,customer_id,43,inbound,3699210209,call_purpose,0_20_215,customer_service,personal_phone_service,OEYNRTVYJFXQPGXRNCTG,20,215,0,3696969600,cti
494,customer_id,21,inbound,3699213748,call_purpose,0_29_193,customer_service,personal_phone_service,PLRHUNWPRRVXEAPMCTXD,29,193,0,3696969600,cti
495,customer_id,46,inbound,3699213748,call_purpose,0_29_193,customer_service,personal_phone_service,PLRHUNWPRRVXEAPMCTXD,29,193,0,3696969600,cti
496,customer_id,16,inbound,3699249861,call_purpose,0_7_212,customer_service,personal_phone_service,HTEBKNOPKOJSEVJSTQVR,7,212,0,3696969600,cti
497,customer_id,41,inbound,3699249861,call_purpose,0_7_212,customer_service,personal_phone_service,HTEBKNOPKOJSEVJSTQVR,7,212,0,3696969600,cti
498,customer_id,17,inbound,3699263177,call_purpose,1_20_143,customer_service,personal_phone_service,PRHQNPVAIMIDMDCGJJUS,20,143,1,3696969600,cti
499,customer_id,42,inbound,3699263177,call_purpose,1_20_143,customer_service,personal_phone_service,PRHQNPVAIMIDMDCGJJUS,20,143,1,3696969600,cti
500,customer_id,24,inbound,3699265866,call_purpose,2_12_19,customer_service,personal_phone_service,LGXPYIZRNIUPHUDHNEML,12,19,2,3696969600,cti
501,customer_id,49,inbound,3699265866,call_purpose,2_12_19,customer_service,personal_phone_service,LGXPYIZRNIUPHUDHNEML,12,19,2,3696969600,cti
502,customer_id,16,inbound,3699284838,call_purpose,2_27_105,customer_service,personal_phone_service,ZKPARGFIWATUTSXBFWRT,27,105,2,3696969600,cti
503,customer_id,41,inbound,3699284838,call_purpose,2_27_105,customer_service,personal_phone_service,ZKPARGFIWATUTSXBFWRT,27,105,2,3696969600,cti
504,customer_id,7,inbound,3699290281,call_purpose,2_2_92,customer_service,personal_phone_service,QYWDCLYGKAXODNDOLFYU,2,92,2,3696969600,cti
505,customer_id,32,inbound,3699290281,call_purpose,2_2_92,customer_service,personal_phone_service,QYWDCLYGKAXODNDOLFYU,2,92,2,3696969600,cti
506,customer_id,14,inbound,3699301478,call_purpose,1_14_19,customer_service,personal_phone_service,PVYFXRKRGOCOIVSSPRVW,14,19,1,3696969600,cti
507,customer_id,39,inbound,3699301478,call_purpose,1_14_19,customer_service,personal_phone_service,PVYFXRKRGOCOIVSSPRVW,14,19,1,3696969600,cti
508,customer_id,22,inbound,3699309319,call_purpose,0_28_155,customer_service,personal_phone_service,YPOUVVLMVOYTYANFJMAU,28,155,0,3696969600,cti
509,customer_id,47,inbound,3699309319,call_purpose,0_28_155,customer_service,personal_phone_service,YPOUVVLMVOYTYANFJMAU,28,155,0,3696969600,cti
510,customer_id,23,inbound,3699320705,call_purpose,1_2_204,customer_service,personal_phone_service,PIUUWLWVWUXBSVHLNZPI,2,204,1,3696969600,cti
511,customer_id,48,inbound,3699320705,call_purpose,1_2_204,customer_service,personal_phone_service,PIUUWLWVWUXBSVHLNZPI,2,204,1,3696969600,cti
512,customer_id,25,inbound,3699320937,call_purpose,2_6_214,customer_service,personal_phone_service,YWPKRXUDNWTEAASBUPLI,6,214,2,3696969600,cti
513,customer_id,50,inbound,3699320937,call_purpose,2_6_214,customer_service,personal_phone_service,YWPKRXUDNWTEAASBUPLI,6,214,2,3696969600,cti
514,customer_id,20,inbound,3699329634,call_purpose,1_0_110,customer_service,personal_phone_service,NJYWMBHQBFAGZVVMLFSM,0,110,1,3696969600,cti
515,customer_id,45,inbound,3699329634,call_purpose,1_0_110,customer_service,personal_phone_service,NJYWMBHQBFAGZVVMLFSM,0,110,1,3696969600,cti
516,customer_id,11,inbound,3699341810,call_purpose,2_19_265,customer_service,personal_phone_service,MDQXDSXKENXZHJAOPYZX,19,265,2,3696969600,cti
517,customer_id,36,inbound,3699341810,call_purpose,2_19_265,customer_service,personal_phone_service,MDQXDSXKENXZHJAOPYZX,19,265,2,3696969600,cti
518,customer_id,23,inbound,3699343653,call_purpose,0_0_100,customer_service,personal_phone_service,NSPTNFGBUVBFKSBTHHWY,0,100,0,3696969600,cti
519,customer_id,48,inbound,3699343653,call_purpose,0_0_100,customer_service,personal_phone_service,NSPTNFGBUVBFKSBTHHWY,0,100,0,3696969600,cti
520,customer_id,13,inbound,3699364529,call_purpose,1_11_285,customer_service,personal_phone_service,JTUPFJSDRFJFKURQPODN,11,285,1,3696969600,cti
521,customer_id,38,inbound,3699364529,call_purpose,1_11_285,customer_service,personal_phone_service,JTUPFJSDRFJFKURQPODN,11,285,1,3696969600,cti
522,customer_id,13,inbound,3699365672,call_purpose,0_9_232,customer_service,personal_phone_service,JNCLECPSDLVBDHYUISVG,9,232,0,3696969600,cti
523,customer_id,38,inbound,3699365672,call_purpose,0_9_232,customer_service,personal_phone_service,JNCLECPSDLVBDHYUISVG,9,232,0,3696969600,cti
524,customer_id,14,inbound,3699371439,call_purpose,2_22_145,customer_service,personal_phone_service,GKUTLCVTZAAEHLLDYAHD,22,145,2,3696969600,cti
525,customer_id,39,inbound,3699371439,call_purpose,2_22_145,customer_service,personal_phone_service,GKUTLCVTZAAEHLLDYAHD,22,145,2,3696969600,cti
526,customer_id,5,inbound,3699374676,call_purpose,2_3_19,customer_service,personal_phone_service,GGBDPUCGYDTMLBKMLAQU,3,19,2,3696969600,cti
527,customer_id,30,inbound,3699374676,call_purpose,2_3_19,customer_service,personal_phone_service,GGBDPUCGYDTMLBKMLAQU,3,19,2,3696969600,cti
528,customer_id,2,inbound,3699382802,call_purpose,0_22_90,customer_service,personal_phone_service,LOTVHDLYYAVJLWIOOEDT,22,90,0,3696969600,cti
529,customer_id,27,inbound,3699382802,call_purpose,0_22_90,customer_service,personal_phone_service,LOTVHDLYYAVJLWIOOEDT,22,90,0,3696969600,cti
530,customer_id,12,inbound,3699388703,call_purpose,2_26_281,customer_service,personal_phone_service,CUQTPFKAHWVUFMWZNSYK,26,281,2,3696969600,cti
531,customer_id,37,inbound,3699388703,call_purpose,2_26_281,customer_service,personal_phone_service,CUQTPFKAHWVUFMWZNSYK,26,281,2,3696969600,cti
532,customer_id,10,inbound,3699413236,call_purpose,1_1_8,customer_service,personal_phone_service,GLJULXABJSQYUOPDWVLS,1,8,1,3696969600,cti
533,customer_id,35,inbound,3699413236,call_purpose,1_1_8,customer_service,personal_phone_service,GLJULXABJSQYUOPDWVLS,1,8,1,3696969600,cti
534,customer_id,21,inbound,3699414369,call_purpose,2_24_59,customer_service,personal_phone_service,QPCDGFFSEGTWDYOGTHGC,24,59,2,3696969600,cti
535,customer_id,46,inbound,3699414369,call_purpose,2_24_59,customer_service,personal_phone_service,QPCDGFFSEGTWDYOGTHGC,24,59,2,3696969600,cti
536,customer_id,8,inbound,3699428864,call_purpose,0_3_45,customer_service,personal_phone_service,FQUZWILUWNAJDZIDHYRQ,3,45,0,3696969600,cti
537,customer_id,33,inbound,3699428864,call_purpose,0_3_45,customer_service,personal_phone_service,FQUZWILUWNAJDZIDHYRQ,3,45,0,3696969600,cti
538,customer_id,7,inbound,3699434771,call_purpose,2_0_34,customer_service,personal_phone_service,NQGNUXYOMLMWNHRNHEAE,0,34,2,3696969600,cti
539,customer_id,32,inbound,3699434771,call_purpose,2_0_34,customer_service,personal_phone_service,NQGNUXYOMLMWNHRNHEAE,0,34,2,3696969600,cti
540,customer_id,8,inbound,3699454693,call_purpose,2_4_281,customer_service,personal_phone_service,EGPZYDJORSYRRJWLFSET,4,281,2,3696969600,cti
541,customer_id,33,inbound,3699454693,call_purpose,2_4_281,customer_service,personal_phone_service,EGPZYDJORSYRRJWLFSET,4,281,2,3696969600,cti
542,customer_id,22,inbound,3699471078,call_purpose,2_1_112,customer_service,personal_phone_service,HSRGTMZBTSYBJGVXBYGF,1,112,2,3696969600,cti
543,customer_id,47,inbound,3699471078,call_purpose,2_1_112,customer_service,personal_phone_service,HSRGTMZBTSYBJGVXBYGF,1,112,2,3696969600,cti
544,customer_id,23,inbound,3699511349,call_purpose,1_28_27,customer_service,personal_phone_service,UGWSMQQGONQCMBAOMQOK,28,27,1,3696969600,cti
545,customer_id,48,inbound,3699511349,call_purpose,1_28_27,customer_service,personal_phone_service,UGWSMQQGONQCMBAOMQOK,28,27,1,3696969600,cti
546,customer_id,14,inbound,3699520750,call_purpose,2_3_198,customer_service,personal_phone_service,ECNSUHLLXCKIVZYLXVSC,3,198,2,3696969600,cti
547,customer_id,39,inbound,3699520750,call_purpose,2_3_198,customer_service,personal_phone_service,ECNSUHLLXCKIVZYLXVSC,3,198,2,3696969600,cti
548,customer_id,22,inbound,3699527165,call_purpose,0_15_250,customer_service,personal_phone_service,ZWZSXMSCVLXXUNENSCSJ,15,250,0,3696969600,cti
549,customer_id,47,inbound,3699527165,call_purpose,0_15_250,customer_service,personal_phone_service,ZWZSXMSCVLXXUNENSCSJ,15,250,0,3696969600,cti
550,customer_id,9,inbound,3699535991,call_purpose,1_11_209,customer_service,personal_phone_service,DFTVFCAKJDCBVUGNCZUT,11,209,1,3696969600,cti
551,customer_id,34,inbound,3699535991,call_purpose,1_11_209,customer_service,personal_phone_service,DFTVFCAKJDCBVUGNCZUT,11,209,1,3696969600,cti
552,customer_id,16,inbound,3699538455,call_purpose,2_27_217,customer_service,personal_phone_service,WVRTNECVVEJISWIRAXXJ,27,217,2,3696969600,cti
553,customer_id,41,inbound,3699538455,call_purpose,2_27_217,customer_service,personal_phone_service,WVRTNECVVEJISWIRAXXJ,27,217,2,3696969600,cti
554,customer_id,17,inbound,3699557096,call_purpose,2_9_168,customer_service,personal_phone_service,JOCFADBYGCZFSPXEZFEI,9,168,2,3696969600,cti
555,customer_id,42,inbound,3699557096,call_purpose,2_9_168,customer_service,personal_phone_service,JOCFADBYGCZFSPXEZFEI,9,168,2,3696969600,cti
556,customer_id,23,inbound,3699557454,call_purpose,1_0_3,customer_service,personal_phone_service,UMRJZVDJCXNXGWGPHTPY,0,3,1,3696969600,cti
557,customer_id,48,inbound,3699557454,call_purpose,1_0_3,customer_service,personal_phone_service,UMRJZVDJCXNXGWGPHTPY,0,3,1,3696969600,cti
